Legislators,620,37929,76000,166000,76000,N/A,N/A,N/A,N/A,N/A,00010,#00010,0,"British Columbia"
Legislators,180,37929,76000,166000,76000,N/A,N/A,N/A,N/A,N/A,00010,#00010,0,Mainland/Southwest
Legislators,250,37929,76000,166000,76000,N/A,N/A,N/A,N/A,N/A,00010,#00010,0,"Vancouver Island/Coast"
Legislators,110,37929,76000,166000,76000,N/A,N/A,N/A,N/A,N/A,00010,#00010,0,Thompson-Okanagan
Legislators,30,37929,76000,166000,76000,N/A,N/A,N/A,N/A,N/A,00010,#00010,0,Kootenay
"Senior managers - public and private sector",19380,N/A,N/A,N/A,125000,"Enterprising, Conventional, Investigative","Judgment and Decision Making, Critical Thinking, Complex Problem Solving","Judgment and Decision Making","Critical Thinking","Complex Problem Solving",00018,#00018,0,"British Columbia"
"Senior managers - public and private sector",13570,N/A,N/A,N/A,125000,"Enterprising, Conventional, Investigative","Judgment and Decision Making, Critical Thinking, Complex Problem Solving","Judgment and Decision Making","Critical Thinking","Complex Problem Solving",00018,#00018,0,Mainland/Southwest
"Senior managers - public and private sector",2990,N/A,N/A,N/A,125000,"Enterprising, Conventional, Investigative","Judgment and Decision Making, Critical Thinking, Complex Problem Solving","Judgment and Decision Making","Critical Thinking","Complex Problem Solving",00018,#00018,0,"Vancouver Island/Coast"
"Senior managers - public and private sector",2060,N/A,N/A,N/A,125000,"Enterprising, Conventional, Investigative","Judgment and Decision Making, Critical Thinking, Complex Problem Solving","Judgment and Decision Making","Critical Thinking","Complex Problem Solving",00018,#00018,0,Thompson-Okanagan
"Senior managers - public and private sector",300,N/A,N/A,N/A,125000,"Enterprising, Conventional, Investigative","Judgment and Decision Making, Critical Thinking, Complex Problem Solving","Judgment and Decision Making","Critical Thinking","Complex Problem Solving",00018,#00018,0,Kootenay
"Senior managers - public and private sector",250,N/A,N/A,N/A,125000,"Enterprising, Conventional, Investigative","Judgment and Decision Making, Critical Thinking, Complex Problem Solving","Judgment and Decision Making","Critical Thinking","Complex Problem Solving",00018,#00018,0,Cariboo
"Senior managers - public and private sector",100,N/A,N/A,N/A,125000,"Enterprising, Conventional, Investigative","Judgment and Decision Making, Critical Thinking, Complex Problem Solving","Judgment and Decision Making","Critical Thinking","Complex Problem Solving",00018,#00018,0,"North Coast and Nechako"
"Senior managers - public and private sector",100,N/A,N/A,N/A,125000,"Enterprising, Conventional, Investigative","Judgment and Decision Making, Critical Thinking, Complex Problem Solving","Judgment and Decision Making","Critical Thinking","Complex Problem Solving",00018,#00018,0,Northeast
"Financial managers",3760,37.5,57.69,96.15,115770.588667079,"Enterprising, Conventional, Investigative","Critical Thinking, Reading Comprehension, Active Listening","Critical Thinking","Reading Comprehension","Active Listening",10010,#10010,0,"British Columbia"
"Financial managers",2690,37.5,57.69,96.15,115770.588667079,"Enterprising, Conventional, Investigative","Critical Thinking, Reading Comprehension, Active Listening","Critical Thinking","Reading Comprehension","Active Listening",10010,#10010,0,Mainland/Southwest
"Financial managers",580,37.5,57.69,96.15,115770.588667079,"Enterprising, Conventional, Investigative","Critical Thinking, Reading Comprehension, Active Listening","Critical Thinking","Reading Comprehension","Active Listening",10010,#10010,0,"Vancouver Island/Coast"
"Financial managers",320,37.5,57.69,96.15,115770.588667079,"Enterprising, Conventional, Investigative","Critical Thinking, Reading Comprehension, Active Listening","Critical Thinking","Reading Comprehension","Active Listening",10010,#10010,0,Thompson-Okanagan
"Financial managers",70,37.5,57.69,96.15,115770.588667079,"Enterprising, Conventional, Investigative","Critical Thinking, Reading Comprehension, Active Listening","Critical Thinking","Reading Comprehension","Active Listening",10010,#10010,0,Kootenay
"Financial managers",60,37.5,57.69,96.15,115770.588667079,"Enterprising, Conventional, Investigative","Critical Thinking, Reading Comprehension, Active Listening","Critical Thinking","Reading Comprehension","Active Listening",10010,#10010,0,Cariboo
"Financial managers",30,37.5,57.69,96.15,115770.588667079,"Enterprising, Conventional, Investigative","Critical Thinking, Reading Comprehension, Active Listening","Critical Thinking","Reading Comprehension","Active Listening",10010,#10010,0,"North Coast and Nechako"
"Human resources managers",3350,33.79,57.69,87.41,116440.611247328,"Enterprising, Conventional, Social","Active Listening, Reading Comprehension, Speaking","Active Listening","Reading Comprehension",Speaking,10011,#10011,0,"British Columbia"
"Human resources managers",2220,33.79,57.69,87.41,116440.611247328,"Enterprising, Conventional, Social","Active Listening, Reading Comprehension, Speaking","Active Listening","Reading Comprehension",Speaking,10011,#10011,0,Mainland/Southwest
"Human resources managers",530,33.79,57.69,87.41,116440.611247328,"Enterprising, Conventional, Social","Active Listening, Reading Comprehension, Speaking","Active Listening","Reading Comprehension",Speaking,10011,#10011,0,"Vancouver Island/Coast"
"Human resources managers",390,33.79,57.69,87.41,116440.611247328,"Enterprising, Conventional, Social","Active Listening, Reading Comprehension, Speaking","Active Listening","Reading Comprehension",Speaking,10011,#10011,0,Thompson-Okanagan
"Human resources managers",60,33.79,57.69,87.41,116440.611247328,"Enterprising, Conventional, Social","Active Listening, Reading Comprehension, Speaking","Active Listening","Reading Comprehension",Speaking,10011,#10011,0,Kootenay
"Human resources managers",70,33.79,57.69,87.41,116440.611247328,"Enterprising, Conventional, Social","Active Listening, Reading Comprehension, Speaking","Active Listening","Reading Comprehension",Speaking,10011,#10011,0,Cariboo
"Human resources managers",50,33.79,57.69,87.41,116440.611247328,"Enterprising, Conventional, Social","Active Listening, Reading Comprehension, Speaking","Active Listening","Reading Comprehension",Speaking,10011,#10011,0,"North Coast and Nechako"
"Human resources managers",40,33.79,57.69,87.41,116440.611247328,"Enterprising, Conventional, Social","Active Listening, Reading Comprehension, Speaking","Active Listening","Reading Comprehension",Speaking,10011,#10011,0,Northeast
"Purchasing managers",1770,38.46,55.49,90.87,115063.058275344,"Enterprising, Conventional, Social","Active Listening, Management of Personnel Resources, Speaking","Active Listening","Management of Personnel Resources",Speaking,10012,#10012,0,"British Columbia"
"Purchasing managers",1270,38.46,55.49,90.87,115063.058275344,"Enterprising, Conventional, Social","Active Listening, Management of Personnel Resources, Speaking","Active Listening","Management of Personnel Resources",Speaking,10012,#10012,0,Mainland/Southwest
"Purchasing managers",250,38.46,55.49,90.87,115063.058275344,"Enterprising, Conventional, Social","Active Listening, Management of Personnel Resources, Speaking","Active Listening","Management of Personnel Resources",Speaking,10012,#10012,0,"Vancouver Island/Coast"
"Purchasing managers",180,38.46,55.49,90.87,115063.058275344,"Enterprising, Conventional, Social","Active Listening, Management of Personnel Resources, Speaking","Active Listening","Management of Personnel Resources",Speaking,10012,#10012,0,Thompson-Okanagan
"Purchasing managers",40,38.46,55.49,90.87,115063.058275344,"Enterprising, Conventional, Social","Active Listening, Management of Personnel Resources, Speaking","Active Listening","Management of Personnel Resources",Speaking,10012,#10012,0,Kootenay
"Purchasing managers",30,38.46,55.49,90.87,115063.058275344,"Enterprising, Conventional, Social","Active Listening, Management of Personnel Resources, Speaking","Active Listening","Management of Personnel Resources",Speaking,10012,#10012,0,Cariboo
"Other administrative services managers",50,34.92,50.81,80.43,101258.408409348,"Enterprising, Conventional, Social","Active Listening, Critical Thinking, Speaking","Active Listening","Critical Thinking",Speaking,10019,#10019,0,Kootenay
"Insurance, real estate and financial brokerage managers",3970,39.42,61.54,108.17,120431.06470404,"Enterprising, Conventional, Social","Speaking, Reading Comprehension, Active Listening",Speaking,"Reading Comprehension","Active Listening",10020,#10020,0,"British Columbia"
"Insurance, real estate and financial brokerage managers",3150,39.42,61.54,108.17,120431.06470404,"Enterprising, Conventional, Social","Speaking, Reading Comprehension, Active Listening",Speaking,"Reading Comprehension","Active Listening",10020,#10020,0,Mainland/Southwest
"Insurance, real estate and financial brokerage managers",380,39.42,61.54,108.17,120431.06470404,"Enterprising, Conventional, Social","Speaking, Reading Comprehension, Active Listening",Speaking,"Reading Comprehension","Active Listening",10020,#10020,0,"Vancouver Island/Coast"
"Insurance, real estate and financial brokerage managers",370,39.42,61.54,108.17,120431.06470404,"Enterprising, Conventional, Social","Speaking, Reading Comprehension, Active Listening",Speaking,"Reading Comprehension","Active Listening",10020,#10020,0,Thompson-Okanagan
"Insurance, real estate and financial brokerage managers",60,39.42,61.54,108.17,120431.06470404,"Enterprising, Conventional, Social","Speaking, Reading Comprehension, Active Listening",Speaking,"Reading Comprehension","Active Listening",10020,#10020,0,Kootenay
"Banking, credit and other investment managers",4910,36.92,50.48,83.92,100220.164561642,"Enterprising, Conventional, Investigative","Critical Thinking, Reading Comprehension, Active Listening","Critical Thinking","Reading Comprehension","Active Listening",10021,#10021,0,"British Columbia"
"Banking, credit and other investment managers",3500,36.92,50.48,83.92,100220.164561642,"Enterprising, Conventional, Investigative","Critical Thinking, Reading Comprehension, Active Listening","Critical Thinking","Reading Comprehension","Active Listening",10021,#10021,0,Mainland/Southwest
"Banking, credit and other investment managers",610,36.92,50.48,83.92,100220.164561642,"Enterprising, Conventional, Investigative","Critical Thinking, Reading Comprehension, Active Listening","Critical Thinking","Reading Comprehension","Active Listening",10021,#10021,0,"Vancouver Island/Coast"
"Banking, credit and other investment managers",550,36.92,50.48,83.92,100220.164561642,"Enterprising, Conventional, Investigative","Critical Thinking, Reading Comprehension, Active Listening","Critical Thinking","Reading Comprehension","Active Listening",10021,#10021,0,Thompson-Okanagan
"Banking, credit and other investment managers",70,36.92,50.48,83.92,100220.164561642,"Enterprising, Conventional, Investigative","Critical Thinking, Reading Comprehension, Active Listening","Critical Thinking","Reading Comprehension","Active Listening",10021,#10021,0,Kootenay
"Banking, credit and other investment managers",90,36.92,50.48,83.92,100220.164561642,"Enterprising, Conventional, Investigative","Critical Thinking, Reading Comprehension, Active Listening","Critical Thinking","Reading Comprehension","Active Listening",10021,#10021,0,Cariboo
"Banking, credit and other investment managers",30,36.92,50.48,83.92,100220.164561642,"Enterprising, Conventional, Investigative","Critical Thinking, Reading Comprehension, Active Listening","Critical Thinking","Reading Comprehension","Active Listening",10021,#10021,0,"North Coast and Nechako"
"Banking, credit and other investment managers",60,36.92,50.48,83.92,100220.164561642,"Enterprising, Conventional, Investigative","Critical Thinking, Reading Comprehension, Active Listening","Critical Thinking","Reading Comprehension","Active Listening",10021,#10021,0,Northeast
"Advertising, marketing and public relations managers",6110,36.06,52.88,92.31,107011.840956259,"Enterprising, Conventional, Social","Speaking, Active Listening, Critical Thinking",Speaking,"Active Listening","Critical Thinking",10022,#10022,0,"British Columbia"
"Advertising, marketing and public relations managers",4650,36.06,52.88,92.31,107011.840956259,"Enterprising, Conventional, Social","Speaking, Active Listening, Critical Thinking",Speaking,"Active Listening","Critical Thinking",10022,#10022,0,Mainland/Southwest
"Advertising, marketing and public relations managers",830,36.06,52.88,92.31,107011.840956259,"Enterprising, Conventional, Social","Speaking, Active Listening, Critical Thinking",Speaking,"Active Listening","Critical Thinking",10022,#10022,0,"Vancouver Island/Coast"
"Advertising, marketing and public relations managers",530,36.06,52.88,92.31,107011.840956259,"Enterprising, Conventional, Social","Speaking, Active Listening, Critical Thinking",Speaking,"Active Listening","Critical Thinking",10022,#10022,0,Thompson-Okanagan
"Advertising, marketing and public relations managers",60,36.06,52.88,92.31,107011.840956259,"Enterprising, Conventional, Social","Speaking, Active Listening, Critical Thinking",Speaking,"Active Listening","Critical Thinking",10022,#10022,0,Kootenay
"Advertising, marketing and public relations managers",30,36.06,52.88,92.31,107011.840956259,"Enterprising, Conventional, Social","Speaking, Active Listening, Critical Thinking",Speaking,"Active Listening","Critical Thinking",10022,#10022,0,Cariboo
"Other business services managers",1560,37.03,54.22,85.66,107958.689461628,"Enterprising, Conventional, Investigative","Reading Comprehension, Critical Thinking, Speaking","Reading Comprehension","Critical Thinking",Speaking,10029,#10029,0,"British Columbia"
"Other business services managers",1040,37.03,54.22,85.66,107958.689461628,"Enterprising, Conventional, Investigative","Reading Comprehension, Critical Thinking, Speaking","Reading Comprehension","Critical Thinking",Speaking,10029,#10029,0,Mainland/Southwest
"Other business services managers",320,37.03,54.22,85.66,107958.689461628,"Enterprising, Conventional, Investigative","Reading Comprehension, Critical Thinking, Speaking","Reading Comprehension","Critical Thinking",Speaking,10029,#10029,0,"Vancouver Island/Coast"
"Other business services managers",150,37.03,54.22,85.66,107958.689461628,"Enterprising, Conventional, Investigative","Reading Comprehension, Critical Thinking, Speaking","Reading Comprehension","Critical Thinking",Speaking,10029,#10029,0,Thompson-Okanagan
"Other business services managers",30,37.03,54.22,85.66,107958.689461628,"Enterprising, Conventional, Investigative","Reading Comprehension, Critical Thinking, Speaking","Reading Comprehension","Critical Thinking",Speaking,10029,#10029,0,Kootenay
"Financial auditors and accountants",10740,25.64,40,66.11,80262.025811442,"Conventional, Enterprising, Investigative","Reading Comprehension, Active Listening, Critical Thinking","Reading Comprehension","Active Listening","Critical Thinking",11100,#11100,1,"British Columbia"
"Financial auditors and accountants",8230,25.64,40,66.11,80262.025811442,"Conventional, Enterprising, Investigative","Reading Comprehension, Active Listening, Critical Thinking","Reading Comprehension","Active Listening","Critical Thinking",11100,#11100,1,Mainland/Southwest
"Financial auditors and accountants",1420,25.64,40,66.11,80262.025811442,"Conventional, Enterprising, Investigative","Reading Comprehension, Active Listening, Critical Thinking","Reading Comprehension","Active Listening","Critical Thinking",11100,#11100,1,"Vancouver Island/Coast"
"Financial auditors and accountants",130,25.64,40,66.11,80262.025811442,"Conventional, Enterprising, Investigative","Reading Comprehension, Active Listening, Critical Thinking","Reading Comprehension","Active Listening","Critical Thinking",11100,#11100,1,Kootenay
"Financial auditors and accountants",90,25.64,40,66.11,80262.025811442,"Conventional, Enterprising, Investigative","Reading Comprehension, Active Listening, Critical Thinking","Reading Comprehension","Active Listening","Critical Thinking",11100,#11100,1,Cariboo
"Financial auditors and accountants",40,25.64,40,66.11,80262.025811442,"Conventional, Enterprising, Investigative","Reading Comprehension, Active Listening, Critical Thinking","Reading Comprehension","Active Listening","Critical Thinking",11100,#11100,1,"North Coast and Nechako"
"Financial and investment analysts",1910,29.44,43.96,72.12,86703.5371065113,N/A,N/A,N/A,N/A,N/A,11101,#11101,1,"British Columbia"
"Financial and investment analysts",1500,29.44,43.96,72.12,86703.5371065113,N/A,N/A,N/A,N/A,N/A,11101,#11101,1,Mainland/Southwest
"Financial and investment analysts",250,29.44,43.96,72.12,86703.5371065113,N/A,N/A,N/A,N/A,N/A,11101,#11101,1,"Vancouver Island/Coast"
"Financial and investment analysts",130,29.44,43.96,72.12,86703.5371065113,N/A,N/A,N/A,N/A,N/A,11101,#11101,1,Thompson-Okanagan
"Financial advisors",5330,24,35,73.08,69626.1764461252,"Conventional, Enterprising, Investigative","Reading Comprehension, Active Listening, Critical Thinking","Reading Comprehension","Active Listening","Critical Thinking",11102,#11102,1,"British Columbia"
"Financial advisors",3590,24,35,73.08,69626.1764461252,"Conventional, Enterprising, Investigative","Reading Comprehension, Active Listening, Critical Thinking","Reading Comprehension","Active Listening","Critical Thinking",11102,#11102,1,Mainland/Southwest
"Financial advisors",770,24,35,73.08,69626.1764461252,"Conventional, Enterprising, Investigative","Reading Comprehension, Active Listening, Critical Thinking","Reading Comprehension","Active Listening","Critical Thinking",11102,#11102,1,"Vancouver Island/Coast"
"Financial advisors",710,24,35,73.08,69626.1764461252,"Conventional, Enterprising, Investigative","Reading Comprehension, Active Listening, Critical Thinking","Reading Comprehension","Active Listening","Critical Thinking",11102,#11102,1,Thompson-Okanagan
"Financial advisors",160,24,35,73.08,69626.1764461252,"Conventional, Enterprising, Investigative","Reading Comprehension, Active Listening, Critical Thinking","Reading Comprehension","Active Listening","Critical Thinking",11102,#11102,1,Kootenay
"Financial advisors",60,24,35,73.08,69626.1764461252,"Conventional, Enterprising, Investigative","Reading Comprehension, Active Listening, Critical Thinking","Reading Comprehension","Active Listening","Critical Thinking",11102,#11102,1,Cariboo
"Financial advisors",50,24,35,73.08,69626.1764461252,"Conventional, Enterprising, Investigative","Reading Comprehension, Active Listening, Critical Thinking","Reading Comprehension","Active Listening","Critical Thinking",11102,#11102,1,Northeast
"Securities agents, investment dealers and brokers",1110,30,38.46,69.71,70086.1197008693,"Enterprising, Conventional, Social","Active Listening, Critical Thinking, Judgment and Decision Making","Active Listening","Critical Thinking","Judgment and Decision Making",11103,#11103,1,"British Columbia"
"Securities agents, investment dealers and brokers",920,30,38.46,69.71,70086.1197008693,"Enterprising, Conventional, Social","Active Listening, Critical Thinking, Judgment and Decision Making","Active Listening","Critical Thinking","Judgment and Decision Making",11103,#11103,1,Mainland/Southwest
"Securities agents, investment dealers and brokers",110,30,38.46,69.71,70086.1197008693,"Enterprising, Conventional, Social","Active Listening, Critical Thinking, Judgment and Decision Making","Active Listening","Critical Thinking","Judgment and Decision Making",11103,#11103,1,"Vancouver Island/Coast"
"Securities agents, investment dealers and brokers",60,30,38.46,69.71,70086.1197008693,"Enterprising, Conventional, Social","Active Listening, Critical Thinking, Judgment and Decision Making","Active Listening","Critical Thinking","Judgment and Decision Making",11103,#11103,1,Thompson-Okanagan
"Other financial officers",1930,24.04,41,71.79,80887.5138629561,"Conventional, Enterprising, Investigative","Reading Comprehension, Active Listening, Critical Thinking","Reading Comprehension","Active Listening","Critical Thinking",11109,#11109,1,"British Columbia"
"Other financial officers",1450,24.04,41,71.79,80887.5138629561,"Conventional, Enterprising, Investigative","Reading Comprehension, Active Listening, Critical Thinking","Reading Comprehension","Active Listening","Critical Thinking",11109,#11109,1,Mainland/Southwest
"Other financial officers",250,24.04,41,71.79,80887.5138629561,"Conventional, Enterprising, Investigative","Reading Comprehension, Active Listening, Critical Thinking","Reading Comprehension","Active Listening","Critical Thinking",11109,#11109,1,"Vancouver Island/Coast"
"Other financial officers",210,24.04,41,71.79,80887.5138629561,"Conventional, Enterprising, Investigative","Reading Comprehension, Active Listening, Critical Thinking","Reading Comprehension","Active Listening","Critical Thinking",11109,#11109,1,Thompson-Okanagan
"Other financial officers",30,24.04,41,71.79,80887.5138629561,"Conventional, Enterprising, Investigative","Reading Comprehension, Active Listening, Critical Thinking","Reading Comprehension","Active Listening","Critical Thinking",11109,#11109,1,Kootenay
"Human resources professionals",3800,27,43.27,57.33,83856.4587527971,"Enterprising, Conventional, Social","Active Listening, Speaking, Reading Comprehension","Active Listening",Speaking,"Reading Comprehension",11200,#11200,1,"British Columbia"
"Human resources professionals",750,27,43.27,57.33,83856.4587527971,"Enterprising, Conventional, Social","Active Listening, Speaking, Reading Comprehension","Active Listening",Speaking,"Reading Comprehension",11200,#11200,1,"Vancouver Island/Coast"
"Human resources professionals",410,27,43.27,57.33,83856.4587527971,"Enterprising, Conventional, Social","Active Listening, Speaking, Reading Comprehension","Active Listening",Speaking,"Reading Comprehension",11200,#11200,1,Thompson-Okanagan
"Human resources professionals",70,27,43.27,57.33,83856.4587527971,"Enterprising, Conventional, Social","Active Listening, Speaking, Reading Comprehension","Active Listening",Speaking,"Reading Comprehension",11200,#11200,1,Kootenay
"Human resources professionals",50,27,43.27,57.33,83856.4587527971,"Enterprising, Conventional, Social","Active Listening, Speaking, Reading Comprehension","Active Listening",Speaking,"Reading Comprehension",11200,#11200,1,Cariboo
"Professional occupations in business management consulting",4790,29.25,47,73.85,85596.1989575899,"Conventional, Investigative, Enterprising","Active Listening, Critical Thinking, Reading Comprehension","Active Listening","Critical Thinking","Reading Comprehension",11201,#11201,1,"British Columbia"
"Professional occupations in business management consulting",3420,29.25,47,73.85,85596.1989575899,"Conventional, Investigative, Enterprising","Active Listening, Critical Thinking, Reading Comprehension","Active Listening","Critical Thinking","Reading Comprehension",11201,#11201,1,Mainland/Southwest
"Professional occupations in business management consulting",940,29.25,47,73.85,85596.1989575899,"Conventional, Investigative, Enterprising","Active Listening, Critical Thinking, Reading Comprehension","Active Listening","Critical Thinking","Reading Comprehension",11201,#11201,1,"Vancouver Island/Coast"
"Professional occupations in business management consulting",350,29.25,47,73.85,85596.1989575899,"Conventional, Investigative, Enterprising","Active Listening, Critical Thinking, Reading Comprehension","Active Listening","Critical Thinking","Reading Comprehension",11201,#11201,1,Thompson-Okanagan
"Professional occupations in business management consulting",40,29.25,47,73.85,85596.1989575899,"Conventional, Investigative, Enterprising","Active Listening, Critical Thinking, Reading Comprehension","Active Listening","Critical Thinking","Reading Comprehension",11201,#11201,1,Cariboo
"Supervisors, general office and administrative support workers",30,22.69,33,40.87,61435.6889922673,"Enterprising, Conventional, Social","Active Listening, Coordination, Monitoring","Active Listening",Coordination,Monitoring,12010,#12010,2,Kootenay
"Supervisors, finance and insurance office workers",700,21.63,35.9,48.08,72499.6885628,"Enterprising, Conventional, Social","Active Listening, Coordination, Monitoring","Active Listening",Coordination,Monitoring,12011,#12011,2,Mainland/Southwest
"Supervisors, finance and insurance office workers",110,21.63,35.9,48.08,72499.6885628,"Enterprising, Conventional, Social","Active Listening, Coordination, Monitoring","Active Listening",Coordination,Monitoring,12011,#12011,2,"Vancouver Island/Coast"
"Executive assistants",60,28,36.79,51.65,67604.8360450452,"Conventional, Enterprising, Social","Active Listening, Reading Comprehension, Speaking","Active Listening","Reading Comprehension",Speaking,12100,#12100,2,Kootenay
"Executive assistants",50,28,36.79,51.65,67604.8360450452,"Conventional, Enterprising, Social","Active Listening, Reading Comprehension, Speaking","Active Listening","Reading Comprehension",Speaking,12100,#12100,2,Cariboo
"Procurement and purchasing agents and officers",70,26.2,34.7,52.94,67097.4294930797,"Conventional, Enterprising, Realistic","Negotiation, Speaking, Reading Comprehension",Negotiation,Speaking,"Reading Comprehension",12102,#12102,2,Cariboo
"Procurement and purchasing agents and officers",90,26.2,34.7,52.94,67097.4294930797,"Conventional, Enterprising, Realistic","Negotiation, Speaking, Reading Comprehension",Negotiation,Speaking,"Reading Comprehension",12102,#12102,2,Northeast
"Employment insurance and revenue officers",50,28.85,36.5,54.95,71324.3957009247,"Conventional, Enterprising, Social","Active Listening, Speaking, Reading Comprehension","Active Listening",Speaking,"Reading Comprehension",12104,#12104,2,Cariboo
"Health information management occupations",310,25.61,30.6,53,57371.02104375,"Conventional, Realistic, Social","Reading Comprehension, Active Listening, Speaking","Reading Comprehension","Active Listening",Speaking,12111,#12111,2,"British Columbia"
"Health information management occupations",190,25.61,30.6,53,57371.02104375,"Conventional, Realistic, Social","Reading Comprehension, Active Listening, Speaking","Reading Comprehension","Active Listening",Speaking,12111,#12111,2,Mainland/Southwest
"Accounting technicians and bookkeepers",9980,19.44,28,47.45,40967.4445172287,"Conventional, Enterprising, Investigative","Mathematics, Active Listening, Critical Thinking",Mathematics,"Active Listening","Critical Thinking",12200,#12200,2,"British Columbia"
"Accounting technicians and bookkeepers",5530,19.44,28,47.45,40967.4445172287,"Conventional, Enterprising, Investigative","Mathematics, Active Listening, Critical Thinking",Mathematics,"Active Listening","Critical Thinking",12200,#12200,2,Mainland/Southwest
"Accounting technicians and bookkeepers",1950,19.44,28,47.45,40967.4445172287,"Conventional, Enterprising, Investigative","Mathematics, Active Listening, Critical Thinking",Mathematics,"Active Listening","Critical Thinking",12200,#12200,2,"Vancouver Island/Coast"
"Accounting technicians and bookkeepers",1480,19.44,28,47.45,40967.4445172287,"Conventional, Enterprising, Investigative","Mathematics, Active Listening, Critical Thinking",Mathematics,"Active Listening","Critical Thinking",12200,#12200,2,Thompson-Okanagan
"Accounting technicians and bookkeepers",340,19.44,28,47.45,40967.4445172287,"Conventional, Enterprising, Investigative","Mathematics, Active Listening, Critical Thinking",Mathematics,"Active Listening","Critical Thinking",12200,#12200,2,Kootenay
"Accounting technicians and bookkeepers",280,19.44,28,47.45,40967.4445172287,"Conventional, Enterprising, Investigative","Mathematics, Active Listening, Critical Thinking",Mathematics,"Active Listening","Critical Thinking",12200,#12200,2,Cariboo
"Accounting technicians and bookkeepers",170,19.44,28,47.45,40967.4445172287,"Conventional, Enterprising, Investigative","Mathematics, Active Listening, Critical Thinking",Mathematics,"Active Listening","Critical Thinking",12200,#12200,2,"North Coast and Nechako"
"Accounting technicians and bookkeepers",240,19.44,28,47.45,40967.4445172287,"Conventional, Enterprising, Investigative","Mathematics, Active Listening, Critical Thinking",Mathematics,"Active Listening","Critical Thinking",12200,#12200,2,Northeast
"Insurance adjusters and claims examiners",1630,29,40.96,53.57,79781.2962734816,"Conventional, Enterprising, Investigative","Speaking, Reading Comprehension, Active Listening",Speaking,"Reading Comprehension","Active Listening",12201,#12201,2,"British Columbia"
"Insurance adjusters and claims examiners",1200,29,40.96,53.57,79781.2962734816,"Conventional, Enterprising, Investigative","Speaking, Reading Comprehension, Active Listening",Speaking,"Reading Comprehension","Active Listening",12201,#12201,2,Mainland/Southwest
"Insurance adjusters and claims examiners",190,29,40.96,53.57,79781.2962734816,"Conventional, Enterprising, Investigative","Speaking, Reading Comprehension, Active Listening",Speaking,"Reading Comprehension","Active Listening",12201,#12201,2,"Vancouver Island/Coast"
"Insurance adjusters and claims examiners",180,29,40.96,53.57,79781.2962734816,"Conventional, Enterprising, Investigative","Speaking, Reading Comprehension, Active Listening",Speaking,"Reading Comprehension","Active Listening",12201,#12201,2,Thompson-Okanagan
"Insurance adjusters and claims examiners",40,29,40.96,53.57,79781.2962734816,"Conventional, Enterprising, Investigative","Speaking, Reading Comprehension, Active Listening",Speaking,"Reading Comprehension","Active Listening",12201,#12201,2,Kootenay
"Insurance underwriters",630,26.92,34.07,62.5,66017.7152558566,"Conventional, Enterprising, Investigative","Active Listening, Critical Thinking, Reading Comprehension","Active Listening","Critical Thinking","Reading Comprehension",12202,#12202,2,"British Columbia"
"Insurance underwriters",510,26.92,34.07,62.5,66017.7152558566,"Conventional, Enterprising, Investigative","Active Listening, Critical Thinking, Reading Comprehension","Active Listening","Critical Thinking","Reading Comprehension",12202,#12202,2,Mainland/Southwest
"Insurance underwriters",80,26.92,34.07,62.5,66017.7152558566,"Conventional, Enterprising, Investigative","Active Listening, Critical Thinking, Reading Comprehension","Active Listening","Critical Thinking","Reading Comprehension",12202,#12202,2,"Vancouver Island/Coast"
"Insurance underwriters",50,26.92,34.07,62.5,66017.7152558566,"Conventional, Enterprising, Investigative","Active Listening, Critical Thinking, Reading Comprehension","Active Listening","Critical Thinking","Reading Comprehension",12202,#12202,2,Thompson-Okanagan
"Assessors, business valuators and appraisers",410,22,36,50,63991.5080535714,"Conventional, Enterprising, Realistic","Reading Comprehension, Critical Thinking, Active Listening","Reading Comprehension","Critical Thinking","Active Listening",12203,#12203,2,Mainland/Southwest
"Assessors, business valuators and appraisers",80,22,36,50,63991.5080535714,"Conventional, Enterprising, Realistic","Reading Comprehension, Critical Thinking, Active Listening","Reading Comprehension","Critical Thinking","Active Listening",12203,#12203,2,Thompson-Okanagan
"Assessors, business valuators and appraisers",40,22,36,50,63991.5080535714,"Conventional, Enterprising, Realistic","Reading Comprehension, Critical Thinking, Active Listening","Reading Comprehension","Critical Thinking","Active Listening",12203,#12203,2,Kootenay
"Administrative officers",730,22.12,29.57,46.7,54972.6736036892,"Conventional, Enterprising, Investigative","Reading Comprehension, Active Listening, Speaking","Reading Comprehension","Active Listening",Speaking,13100,#13100,3,Kootenay
"Administrative officers",540,22.12,29.57,46.7,54972.6736036892,"Conventional, Enterprising, Investigative","Reading Comprehension, Active Listening, Speaking","Reading Comprehension","Active Listening",Speaking,13100,#13100,3,Cariboo
"Administrative officers",260,22.12,29.57,46.7,54972.6736036892,"Conventional, Enterprising, Investigative","Reading Comprehension, Active Listening, Speaking","Reading Comprehension","Active Listening",Speaking,13100,#13100,3,"North Coast and Nechako"
"Property administrators",5030,19.5,31,50,57479.4036493371,"Enterprising, Conventional, Social","Speaking, Active Listening, Negotiation",Speaking,"Active Listening",Negotiation,13101,#13101,3,"British Columbia"
"Property administrators",3380,19.5,31,50,57479.4036493371,"Enterprising, Conventional, Social","Speaking, Active Listening, Negotiation",Speaking,"Active Listening",Negotiation,13101,#13101,3,Mainland/Southwest
"Property administrators",520,19.5,31,50,57479.4036493371,"Enterprising, Conventional, Social","Speaking, Active Listening, Negotiation",Speaking,"Active Listening",Negotiation,13101,#13101,3,Thompson-Okanagan
"Property administrators",120,19.5,31,50,57479.4036493371,"Enterprising, Conventional, Social","Speaking, Active Listening, Negotiation",Speaking,"Active Listening",Negotiation,13101,#13101,3,Kootenay
"Property administrators",90,19.5,31,50,57479.4036493371,"Enterprising, Conventional, Social","Speaking, Active Listening, Negotiation",Speaking,"Active Listening",Negotiation,13101,#13101,3,Northeast
"Payroll administrators",40,22,31,41.83,58221.0729709,"Conventional, Enterprising, Social","Reading Comprehension, Active Listening, Mathematics","Reading Comprehension","Active Listening",Mathematics,13102,#13102,3,Kootenay
"Payroll administrators",50,22,31,41.83,58221.0729709,"Conventional, Enterprising, Social","Reading Comprehension, Active Listening, Mathematics","Reading Comprehension","Active Listening",Mathematics,13102,#13102,3,Cariboo
"Payroll administrators",30,22,31,41.83,58221.0729709,"Conventional, Enterprising, Social","Reading Comprehension, Active Listening, Mathematics","Reading Comprehension","Active Listening",Mathematics,13102,#13102,3,Northeast
"Administrative assistants",390,20,28.5,36.54,50132.1166368475,"Conventional, Enterprising, Social","Active Listening, Speaking, Reading Comprehension","Active Listening",Speaking,"Reading Comprehension",13110,#13110,3,Kootenay
"Administrative assistants",350,20,28.5,36.54,50132.1166368475,"Conventional, Enterprising, Social","Active Listening, Speaking, Reading Comprehension","Active Listening",Speaking,"Reading Comprehension",13110,#13110,3,Cariboo
"Administrative assistants",130,20,28.5,36.54,50132.1166368475,"Conventional, Enterprising, Social","Active Listening, Speaking, Reading Comprehension","Active Listening",Speaking,"Reading Comprehension",13110,#13110,3,"North Coast and Nechako"
"Administrative assistants",270,20,28.5,36.54,50132.1166368475,"Conventional, Enterprising, Social","Active Listening, Speaking, Reading Comprehension","Active Listening",Speaking,"Reading Comprehension",13110,#13110,3,Northeast
"Medical administrative assistants",340,21.54,26.5,35,43914.1591331873,"Conventional, Social, Investigative","Active Listening, Speaking, Reading Comprehension","Active Listening",Speaking,"Reading Comprehension",13112,#13112,3,Thompson-Okanagan
"Medical administrative assistants",60,21.54,26.5,35,43914.1591331873,"Conventional, Social, Investigative","Active Listening, Speaking, Reading Comprehension","Active Listening",Speaking,"Reading Comprehension",13112,#13112,3,Kootenay
"Medical administrative assistants",30,21.54,26.5,35,43914.1591331873,"Conventional, Social, Investigative","Active Listening, Speaking, Reading Comprehension","Active Listening",Speaking,"Reading Comprehension",13112,#13112,3,Cariboo
"Medical administrative assistants",30,21.54,26.5,35,43914.1591331873,"Conventional, Social, Investigative","Active Listening, Speaking, Reading Comprehension","Active Listening",Speaking,"Reading Comprehension",13112,#13112,3,"North Coast and Nechako"
"Banking, insurance and other financial clerks",30,19.75,24,34,40835.0605561006,"Conventional, Enterprising, Social","Reading Comprehension, Speaking, Active Listening","Reading Comprehension",Speaking,"Active Listening",14201,#14201,4,Kootenay
Dispatchers,30,21,31.35,40.87,63514.7538896032,"Conventional, Realistic, Social","Active Listening, Speaking, Social Perceptiveness","Active Listening",Speaking,"Social Perceptiveness",14404,#14404,4,"North Coast and Nechako"
"Engineering managers",2440,44,67.31,110.58,137036.815610121,"Enterprising, Investigative, Conventional","Reading Comprehension, Complex Problem Solving, Speaking","Reading Comprehension","Complex Problem Solving",Speaking,20010,#20010,0,"British Columbia"
"Engineering managers",1810,44,67.31,110.58,137036.815610121,"Enterprising, Investigative, Conventional","Reading Comprehension, Complex Problem Solving, Speaking","Reading Comprehension","Complex Problem Solving",Speaking,20010,#20010,0,Mainland/Southwest
"Engineering managers",330,44,67.31,110.58,137036.815610121,"Enterprising, Investigative, Conventional","Reading Comprehension, Complex Problem Solving, Speaking","Reading Comprehension","Complex Problem Solving",Speaking,20010,#20010,0,"Vancouver Island/Coast"
"Engineering managers",200,44,67.31,110.58,137036.815610121,"Enterprising, Investigative, Conventional","Reading Comprehension, Complex Problem Solving, Speaking","Reading Comprehension","Complex Problem Solving",Speaking,20010,#20010,0,Thompson-Okanagan
"Engineering managers",60,44,67.31,110.58,137036.815610121,"Enterprising, Investigative, Conventional","Reading Comprehension, Complex Problem Solving, Speaking","Reading Comprehension","Complex Problem Solving",Speaking,20010,#20010,0,Kootenay
"Architecture and science managers",760,38.46,49.74,100.96,103121.348276061,"Investigative, Enterprising, Conventional","Reading Comprehension, Active Listening, Writing","Reading Comprehension","Active Listening",Writing,20011,#20011,0,Mainland/Southwest
"Architecture and science managers",170,38.46,49.74,100.96,103121.348276061,"Investigative, Enterprising, Conventional","Reading Comprehension, Active Listening, Writing","Reading Comprehension","Active Listening",Writing,20011,#20011,0,"Vancouver Island/Coast"
"Computer and information systems managers",8830,40.87,63.16,100.96,130196.47604555,"Conventional, Enterprising, Investigative","Critical Thinking, Active Listening, Reading Comprehension","Critical Thinking","Active Listening","Reading Comprehension",20012,#20012,0,"British Columbia"
"Computer and information systems managers",7010,40.87,63.16,100.96,130196.47604555,"Conventional, Enterprising, Investigative","Critical Thinking, Active Listening, Reading Comprehension","Critical Thinking","Active Listening","Reading Comprehension",20012,#20012,0,Mainland/Southwest
"Computer and information systems managers",1060,40.87,63.16,100.96,130196.47604555,"Conventional, Enterprising, Investigative","Critical Thinking, Active Listening, Reading Comprehension","Critical Thinking","Active Listening","Reading Comprehension",20012,#20012,0,"Vancouver Island/Coast"
"Computer and information systems managers",670,40.87,63.16,100.96,130196.47604555,"Conventional, Enterprising, Investigative","Critical Thinking, Active Listening, Reading Comprehension","Critical Thinking","Active Listening","Reading Comprehension",20012,#20012,0,Thompson-Okanagan
"Computer and information systems managers",70,40.87,63.16,100.96,130196.47604555,"Conventional, Enterprising, Investigative","Critical Thinking, Active Listening, Reading Comprehension","Critical Thinking","Active Listening","Reading Comprehension",20012,#20012,0,Kootenay
"Computer and information systems managers",30,40.87,63.16,100.96,130196.47604555,"Conventional, Enterprising, Investigative","Critical Thinking, Active Listening, Reading Comprehension","Critical Thinking","Active Listening","Reading Comprehension",20012,#20012,0,Cariboo
"Geoscientists and oceanographers",1020,30.77,51.28,87.18,105428.252798407,"Investigative, Realistic, Conventional","Critical Thinking, Reading Comprehension, Science","Critical Thinking","Reading Comprehension",Science,21102,#21102,1,"British Columbia"
"Geoscientists and oceanographers",290,30.77,51.28,87.18,105428.252798407,"Investigative, Realistic, Conventional","Critical Thinking, Reading Comprehension, Science","Critical Thinking","Reading Comprehension",Science,21102,#21102,1,"Vancouver Island/Coast"
"Geoscientists and oceanographers",180,30.77,51.28,87.18,105428.252798407,"Investigative, Realistic, Conventional","Critical Thinking, Reading Comprehension, Science","Critical Thinking","Reading Comprehension",Science,21102,#21102,1,Thompson-Okanagan
"Geoscientists and oceanographers",50,30.77,51.28,87.18,105428.252798407,"Investigative, Realistic, Conventional","Critical Thinking, Reading Comprehension, Science","Critical Thinking","Reading Comprehension",Science,21102,#21102,1,Kootenay
"Geoscientists and oceanographers",30,30.77,51.28,87.18,105428.252798407,"Investigative, Realistic, Conventional","Critical Thinking, Reading Comprehension, Science","Critical Thinking","Reading Comprehension",Science,21102,#21102,1,Cariboo
"Biologists and related scientists",30,28.85,42,60,81430.7732945257,"Investigative, Realistic, Conventional","Reading Comprehension, Science, Critical Thinking","Reading Comprehension",Science,"Critical Thinking",21110,#21110,1,"North Coast and Nechako"
"Forestry professionals",140,33.65,40,68.68,71879.0591269841,"Realistic, Investigative, Conventional","Active Listening, Complex Problem Solving, Critical Thinking","Active Listening","Complex Problem Solving","Critical Thinking",21111,#21111,1,Cariboo
"Forestry professionals",110,33.65,40,68.68,71879.0591269841,"Realistic, Investigative, Conventional","Active Listening, Complex Problem Solving, Critical Thinking","Active Listening","Complex Problem Solving","Critical Thinking",21111,#21111,1,"North Coast and Nechako"
"Public and environmental health and safety professionals",30,32.97,45,64.1,88180.3562244898,"Conventional, Realistic, Investigative","Active Listening, Reading Comprehension, Speaking","Active Listening","Reading Comprehension",Speaking,21120,#21120,1,Kootenay
"Public and environmental health and safety professionals",50,32.97,45,64.1,88180.3562244898,"Conventional, Realistic, Investigative","Active Listening, Reading Comprehension, Speaking","Active Listening","Reading Comprehension",Speaking,21120,#21120,1,Cariboo
Architects,1510,29.07,45.14,69.8,82470.0146814001,"Realistic, Conventional, Artistic","Critical Thinking, Operations Analysis, Reading Comprehension","Critical Thinking","Operations Analysis","Reading Comprehension",21200,#21200,1,"British Columbia"
Architects,1140,29.07,45.14,69.8,82470.0146814001,"Realistic, Conventional, Artistic","Critical Thinking, Operations Analysis, Reading Comprehension","Critical Thinking","Operations Analysis","Reading Comprehension",21200,#21200,1,Mainland/Southwest
Architects,270,29.07,45.14,69.8,82470.0146814001,"Realistic, Conventional, Artistic","Critical Thinking, Operations Analysis, Reading Comprehension","Critical Thinking","Operations Analysis","Reading Comprehension",21200,#21200,1,"Vancouver Island/Coast"
Architects,90,29.07,45.14,69.8,82470.0146814001,"Realistic, Conventional, Artistic","Critical Thinking, Operations Analysis, Reading Comprehension","Critical Thinking","Operations Analysis","Reading Comprehension",21200,#21200,1,Thompson-Okanagan
"Urban and land use planners",1140,35.29,46.04,59.34,83560.3806397704,"Investigative, Enterprising, Conventional","Active Listening, Judgment and Decision Making, Speaking","Active Listening","Judgment and Decision Making",Speaking,21202,#21202,1,"British Columbia"
"Urban and land use planners",350,35.29,46.04,59.34,83560.3806397704,"Investigative, Enterprising, Conventional","Active Listening, Judgment and Decision Making, Speaking","Active Listening","Judgment and Decision Making",Speaking,21202,#21202,1,"Vancouver Island/Coast"
"Urban and land use planners",90,35.29,46.04,59.34,83560.3806397704,"Investigative, Enterprising, Conventional","Active Listening, Judgment and Decision Making, Speaking","Active Listening","Judgment and Decision Making",Speaking,21202,#21202,1,Thompson-Okanagan
"Urban and land use planners",30,35.29,46.04,59.34,83560.3806397704,"Investigative, Enterprising, Conventional","Active Listening, Judgment and Decision Making, Speaking","Active Listening","Judgment and Decision Making",Speaking,21202,#21202,1,Kootenay
"Cybersecurity specialists",660,32,47.8,108.17,101253.634710895,"Investigative, Conventional, Realistic","Reading Comprehension, Critical Thinking, Speaking","Reading Comprehension","Critical Thinking",Speaking,21220,#21220,1,"British Columbia"
"Cybersecurity specialists",550,32,47.8,108.17,101253.634710895,"Investigative, Conventional, Realistic","Reading Comprehension, Critical Thinking, Speaking","Reading Comprehension","Critical Thinking",Speaking,21220,#21220,1,Mainland/Southwest
"Cybersecurity specialists",100,32,47.8,108.17,101253.634710895,"Investigative, Conventional, Realistic","Reading Comprehension, Critical Thinking, Speaking","Reading Comprehension","Critical Thinking",Speaking,21220,#21220,1,"Vancouver Island/Coast"
"Business systems specialists",1980,27.4,42.4,60.44,85322.4545739844,"Investigative, Conventional, Realistic","Reading Comprehension, Critical Thinking, Speaking","Reading Comprehension","Critical Thinking",Speaking,21221,#21221,1,"British Columbia"
"Business systems specialists",1510,27.4,42.4,60.44,85322.4545739844,"Investigative, Conventional, Realistic","Reading Comprehension, Critical Thinking, Speaking","Reading Comprehension","Critical Thinking",Speaking,21221,#21221,1,Mainland/Southwest
"Business systems specialists",30,27.4,42.4,60.44,85322.4545739844,"Investigative, Conventional, Realistic","Reading Comprehension, Critical Thinking, Speaking","Reading Comprehension","Critical Thinking",Speaking,21221,#21221,1,Cariboo
"Information systems specialists",8560,29.99,46.15,75.44,91139.6174683448,"Investigative, Conventional, Realistic","Reading Comprehension, Critical Thinking, Speaking","Reading Comprehension","Critical Thinking",Speaking,21222,#21222,1,"British Columbia"
"Information systems specialists",6800,29.99,46.15,75.44,91139.6174683448,"Investigative, Conventional, Realistic","Reading Comprehension, Critical Thinking, Speaking","Reading Comprehension","Critical Thinking",Speaking,21222,#21222,1,Mainland/Southwest
"Information systems specialists",1130,29.99,46.15,75.44,91139.6174683448,"Investigative, Conventional, Realistic","Reading Comprehension, Critical Thinking, Speaking","Reading Comprehension","Critical Thinking",Speaking,21222,#21222,1,"Vancouver Island/Coast"
"Information systems specialists",470,29.99,46.15,75.44,91139.6174683448,"Investigative, Conventional, Realistic","Reading Comprehension, Critical Thinking, Speaking","Reading Comprehension","Critical Thinking",Speaking,21222,#21222,1,Thompson-Okanagan
"Information systems specialists",60,29.99,46.15,75.44,91139.6174683448,"Investigative, Conventional, Realistic","Reading Comprehension, Critical Thinking, Speaking","Reading Comprehension","Critical Thinking",Speaking,21222,#21222,1,Kootenay
"Information systems specialists",80,29.99,46.15,75.44,91139.6174683448,"Investigative, Conventional, Realistic","Reading Comprehension, Critical Thinking, Speaking","Reading Comprehension","Critical Thinking",Speaking,21222,#21222,1,Cariboo
"Database analysts and data administrators",1190,28.75,43.96,60,87263.0101784284,"Conventional, Investigative, Enterprising","Critical Thinking, Reading Comprehension, Active Listening","Critical Thinking","Reading Comprehension","Active Listening",21223,#21223,1,"British Columbia"
"Database analysts and data administrators",880,28.75,43.96,60,87263.0101784284,"Conventional, Investigative, Enterprising","Critical Thinking, Reading Comprehension, Active Listening","Critical Thinking","Reading Comprehension","Active Listening",21223,#21223,1,Mainland/Southwest
"Database analysts and data administrators",240,28.75,43.96,60,87263.0101784284,"Conventional, Investigative, Enterprising","Critical Thinking, Reading Comprehension, Active Listening","Critical Thinking","Reading Comprehension","Active Listening",21223,#21223,1,"Vancouver Island/Coast"
"Computer systems developers and programmers",2050,28.57,44,69.23,84998.223376836,"Conventional, Investigative, Realistic","Programming, Critical Thinking, Active Listening",Programming,"Critical Thinking","Active Listening",21230,#21230,1,"British Columbia"
"Computer systems developers and programmers",1580,28.57,44,69.23,84998.223376836,"Conventional, Investigative, Realistic","Programming, Critical Thinking, Active Listening",Programming,"Critical Thinking","Active Listening",21230,#21230,1,Mainland/Southwest
"Computer systems developers and programmers",280,28.57,44,69.23,84998.223376836,"Conventional, Investigative, Realistic","Programming, Critical Thinking, Active Listening",Programming,"Critical Thinking","Active Listening",21230,#21230,1,"Vancouver Island/Coast"
"Computer systems developers and programmers",160,28.57,44,69.23,84998.223376836,"Conventional, Investigative, Realistic","Programming, Critical Thinking, Active Listening",Programming,"Critical Thinking","Active Listening",21230,#21230,1,Thompson-Okanagan
"Software engineers and designers",10500,35,62.5,99.04,128394.212941554,"Investigative, Conventional, Realistic","Critical Thinking, Judgment and Decision Making, Complex Problem Solving","Critical Thinking","Judgment and Decision Making","Complex Problem Solving",21231,#21231,1,"British Columbia"
"Software engineers and designers",9200,35,62.5,99.04,128394.212941554,"Investigative, Conventional, Realistic","Critical Thinking, Judgment and Decision Making, Complex Problem Solving","Critical Thinking","Judgment and Decision Making","Complex Problem Solving",21231,#21231,1,Mainland/Southwest
"Software engineers and designers",840,35,62.5,99.04,128394.212941554,"Investigative, Conventional, Realistic","Critical Thinking, Judgment and Decision Making, Complex Problem Solving","Critical Thinking","Judgment and Decision Making","Complex Problem Solving",21231,#21231,1,"Vancouver Island/Coast"
"Software engineers and designers",420,35,62.5,99.04,128394.212941554,"Investigative, Conventional, Realistic","Critical Thinking, Judgment and Decision Making, Complex Problem Solving","Critical Thinking","Judgment and Decision Making","Complex Problem Solving",21231,#21231,1,Thompson-Okanagan
"Software developers and programmers",8590,31.25,52.4,84.13,107314.762753541,"Conventional, Investigative, Realistic","Programming, Critical Thinking, Active Listening",Programming,"Critical Thinking","Active Listening",21232,#21232,1,"British Columbia"
"Software developers and programmers",7010,31.25,52.4,84.13,107314.762753541,"Conventional, Investigative, Realistic","Programming, Critical Thinking, Active Listening",Programming,"Critical Thinking","Active Listening",21232,#21232,1,Mainland/Southwest
"Software developers and programmers",1020,31.25,52.4,84.13,107314.762753541,"Conventional, Investigative, Realistic","Programming, Critical Thinking, Active Listening",Programming,"Critical Thinking","Active Listening",21232,#21232,1,"Vancouver Island/Coast"
"Software developers and programmers",530,31.25,52.4,84.13,107314.762753541,"Conventional, Investigative, Realistic","Programming, Critical Thinking, Active Listening",Programming,"Critical Thinking","Active Listening",21232,#21232,1,Thompson-Okanagan
"Software developers and programmers",30,31.25,52.4,84.13,107314.762753541,"Conventional, Investigative, Realistic","Programming, Critical Thinking, Active Listening",Programming,"Critical Thinking","Active Listening",21232,#21232,1,Kootenay
"Web designers",1540,19.23,32.69,55.29,68803.7607543478,"Investigative, Conventional, Artistic","Programming, Critical Thinking, Reading Comprehension",Programming,"Critical Thinking","Reading Comprehension",21233,#21233,1,"British Columbia"
"Web designers",1220,19.23,32.69,55.29,68803.7607543478,"Investigative, Conventional, Artistic","Programming, Critical Thinking, Reading Comprehension",Programming,"Critical Thinking","Reading Comprehension",21233,#21233,1,Mainland/Southwest
"Web designers",180,19.23,32.69,55.29,68803.7607543478,"Investigative, Conventional, Artistic","Programming, Critical Thinking, Reading Comprehension",Programming,"Critical Thinking","Reading Comprehension",21233,#21233,1,"Vancouver Island/Coast"
"Web designers",130,19.23,32.69,55.29,68803.7607543478,"Investigative, Conventional, Artistic","Programming, Critical Thinking, Reading Comprehension",Programming,"Critical Thinking","Reading Comprehension",21233,#21233,1,Thompson-Okanagan
"Web developers and programmers",290,20,37.5,65,71481.2755788141,"Conventional, Investigative, Artistic","Programming, Critical Thinking, Active Listening",Programming,"Critical Thinking","Active Listening",21234,#21234,1,Thompson-Okanagan
"Civil engineers",3990,32.48,47.12,72.12,95111.6649381129,"Realistic, Investigative, Conventional","Critical Thinking, Reading Comprehension, Active Listening","Critical Thinking","Reading Comprehension","Active Listening",21300,#21300,1,"British Columbia"
"Civil engineers",2710,32.48,47.12,72.12,95111.6649381129,"Realistic, Investigative, Conventional","Critical Thinking, Reading Comprehension, Active Listening","Critical Thinking","Reading Comprehension","Active Listening",21300,#21300,1,Mainland/Southwest
"Civil engineers",700,32.48,47.12,72.12,95111.6649381129,"Realistic, Investigative, Conventional","Critical Thinking, Reading Comprehension, Active Listening","Critical Thinking","Reading Comprehension","Active Listening",21300,#21300,1,"Vancouver Island/Coast"
"Civil engineers",430,32.48,47.12,72.12,95111.6649381129,"Realistic, Investigative, Conventional","Critical Thinking, Reading Comprehension, Active Listening","Critical Thinking","Reading Comprehension","Active Listening",21300,#21300,1,Thompson-Okanagan
"Civil engineers",50,32.48,47.12,72.12,95111.6649381129,"Realistic, Investigative, Conventional","Critical Thinking, Reading Comprehension, Active Listening","Critical Thinking","Reading Comprehension","Active Listening",21300,#21300,1,Kootenay
"Civil engineers",50,32.48,47.12,72.12,95111.6649381129,"Realistic, Investigative, Conventional","Critical Thinking, Reading Comprehension, Active Listening","Critical Thinking","Reading Comprehension","Active Listening",21300,#21300,1,Cariboo
"Civil engineers",20,32.48,47.12,72.12,95111.6649381129,"Realistic, Investigative, Conventional","Critical Thinking, Reading Comprehension, Active Listening","Critical Thinking","Reading Comprehension","Active Listening",21300,#21300,1,Northeast
"Mechanical engineers",30,32,43.27,72.12,87997.9533140874,"Realistic, Investigative, Conventional","Critical Thinking, Reading Comprehension, Active Listening","Critical Thinking","Reading Comprehension","Active Listening",21301,#21301,1,Cariboo
"Electrical and electronics engineers",2760,31.25,48.08,72.12,92410.0994329547,"Realistic, Investigative, Conventional","Critical Thinking, Reading Comprehension, Writing","Critical Thinking","Reading Comprehension",Writing,21310,#21310,1,"British Columbia"
"Electrical and electronics engineers",2170,31.25,48.08,72.12,92410.0994329547,"Realistic, Investigative, Conventional","Critical Thinking, Reading Comprehension, Writing","Critical Thinking","Reading Comprehension",Writing,21310,#21310,1,Mainland/Southwest
"Electrical and electronics engineers",340,31.25,48.08,72.12,92410.0994329547,"Realistic, Investigative, Conventional","Critical Thinking, Reading Comprehension, Writing","Critical Thinking","Reading Comprehension",Writing,21310,#21310,1,"Vancouver Island/Coast"
"Electrical and electronics engineers",190,31.25,48.08,72.12,92410.0994329547,"Realistic, Investigative, Conventional","Critical Thinking, Reading Comprehension, Writing","Critical Thinking","Reading Comprehension",Writing,21310,#21310,1,Thompson-Okanagan
"Computer engineers (except software engineers and designers)",1450,36.34,54.27,81.57,108385.653942346,"Conventional, Investigative, Realistic","Critical Thinking, Reading Comprehension, Active Listening","Critical Thinking","Reading Comprehension","Active Listening",21311,#21311,1,"British Columbia"
"Computer engineers (except software engineers and designers)",1270,36.34,54.27,81.57,108385.653942346,"Conventional, Investigative, Realistic","Critical Thinking, Reading Comprehension, Active Listening","Critical Thinking","Reading Comprehension","Active Listening",21311,#21311,1,Mainland/Southwest
"Computer engineers (except software engineers and designers)",120,36.34,54.27,81.57,108385.653942346,"Conventional, Investigative, Realistic","Critical Thinking, Reading Comprehension, Active Listening","Critical Thinking","Reading Comprehension","Active Listening",21311,#21311,1,"Vancouver Island/Coast"
"Computer engineers (except software engineers and designers)",50,36.34,54.27,81.57,108385.653942346,"Conventional, Investigative, Realistic","Critical Thinking, Reading Comprehension, Active Listening","Critical Thinking","Reading Comprehension","Active Listening",21311,#21311,1,Thompson-Okanagan
"Chemical engineers",30,25.64,53.33,70,120058.556760083,"Realistic, Investigative, Conventional","Critical Thinking, Science, Reading Comprehension","Critical Thinking",Science,"Reading Comprehension",21320,#21320,1,"Vancouver Island/Coast"
"Mining engineers",40,39.75,61.42,97.39,132842.197004851,"Realistic, Investigative, Conventional","Complex Problem Solving, Critical Thinking, Judgment and Decision Making","Complex Problem Solving","Critical Thinking","Judgment and Decision Making",21330,#21330,1,Thompson-Okanagan
"Mining engineers",30,39.75,61.42,97.39,132842.197004851,"Realistic, Investigative, Conventional","Complex Problem Solving, Critical Thinking, Judgment and Decision Making","Complex Problem Solving","Critical Thinking","Judgment and Decision Making",21330,#21330,1,Kootenay
"Geological engineers",90,34.99,53.98,87.38,103823.396928571,"Realistic, Investigative, Conventional","Complex Problem Solving, Critical Thinking, Judgment and Decision Making","Complex Problem Solving","Critical Thinking","Judgment and Decision Making",21331,#21331,1,"Vancouver Island/Coast"
"Geological engineers",60,34.99,53.98,87.38,103823.396928571,"Realistic, Investigative, Conventional","Complex Problem Solving, Critical Thinking, Judgment and Decision Making","Complex Problem Solving","Critical Thinking","Judgment and Decision Making",21331,#21331,1,Thompson-Okanagan
"Petroleum engineers",30,40.53,55.46,82.73,106630.86225,"Realistic, Investigative, Conventional","Critical Thinking, Reading Comprehension, Active Listening","Critical Thinking","Reading Comprehension","Active Listening",21332,#21332,1,Mainland/Southwest
"Other professional engineers",640,37,52.88,84.13,104301.301421759,"Realistic, Investigative, Conventional","Critical Thinking, Reading Comprehension, Complex Problem Solving","Critical Thinking","Reading Comprehension","Complex Problem Solving",21399,#21399,1,"British Columbia"
"Other professional engineers",380,37,52.88,84.13,104301.301421759,"Realistic, Investigative, Conventional","Critical Thinking, Reading Comprehension, Complex Problem Solving","Critical Thinking","Reading Comprehension","Complex Problem Solving",21399,#21399,1,Mainland/Southwest
"Other professional engineers",180,37,52.88,84.13,104301.301421759,"Realistic, Investigative, Conventional","Critical Thinking, Reading Comprehension, Complex Problem Solving","Critical Thinking","Reading Comprehension","Complex Problem Solving",21399,#21399,1,"Vancouver Island/Coast"
"Other professional engineers",60,37,52.88,84.13,104301.301421759,"Realistic, Investigative, Conventional","Critical Thinking, Reading Comprehension, Complex Problem Solving","Critical Thinking","Reading Comprehension","Complex Problem Solving",21399,#21399,1,Thompson-Okanagan
"Drafting technologists and technicians",30,20,33.65,51,64938.1415040734,"Realistic, Conventional, Investigative","Active Listening, Critical Thinking, Reading Comprehension","Active Listening","Critical Thinking","Reading Comprehension",22212,#22212,2,Cariboo
"Technical occupations in geomatics and meteorology",50,26.05,37.79,51.83,71501.0435720979,"Conventional, Investigative, Realistic","Reading Comprehension, Critical Thinking, Writing","Reading Comprehension","Critical Thinking",Writing,22214,#22214,2,Cariboo
"Technical occupations in geomatics and meteorology",30,26.05,37.79,51.83,71501.0435720979,"Conventional, Investigative, Realistic","Reading Comprehension, Critical Thinking, Writing","Reading Comprehension","Critical Thinking",Writing,22214,#22214,2,"North Coast and Nechako"
"Technical occupations in geomatics and meteorology",30,26.05,37.79,51.83,71501.0435720979,"Conventional, Investigative, Realistic","Reading Comprehension, Critical Thinking, Writing","Reading Comprehension","Critical Thinking",Writing,22214,#22214,2,Northeast
"Computer network and web technicians",90,20,31.25,49.04,59165.7866382441,"Conventional, Investigative, Realistic","Critical Thinking, Reading Comprehension, Active Listening","Critical Thinking","Reading Comprehension","Active Listening",22220,#22220,2,Cariboo
"Computer network and web technicians",40,20,31.25,49.04,59165.7866382441,"Conventional, Investigative, Realistic","Critical Thinking, Reading Comprehension, Active Listening","Critical Thinking","Reading Comprehension","Active Listening",22220,#22220,2,"North Coast and Nechako"
"User support technicians",50,21.06,33.65,48.72,64153.6454731246,"Conventional, Realistic, Investigative","Active Listening, Reading Comprehension, Speaking","Active Listening","Reading Comprehension",Speaking,22221,#22221,2,"North Coast and Nechako"
"Mechanical engineering technologists and technicians",30,23,37,79.33,78647.887429449,"Realistic, Investigative, Conventional","Critical Thinking, Reading Comprehension, Operations Monitoring","Critical Thinking","Reading Comprehension","Operations Monitoring",22301,#22301,2,Cariboo
"Electrical and electronics engineering technologists and technicians",40,22,37.96,66,75328.4158690406,"Realistic, Conventional, Investigative","Repairing, Critical Thinking, Troubleshooting",Repairing,"Critical Thinking",Troubleshooting,22310,#22310,2,Cariboo
"Electronic service technicians (household and business equipment)",30,19.6,27.88,43,52570.2720021779,"Realistic, Conventional, Investigative","Repairing, Troubleshooting, Critical Thinking",Repairing,Troubleshooting,"Critical Thinking",22311,#22311,2,"North Coast and Nechako"
"Industrial instrument technicians and mechanics",50,31,46,48.5,101174.194,N/A,N/A,N/A,N/A,N/A,22312,#22312,2,Kootenay
"Managers in health care",4240,34,55.68,84.13,110513.294309473,"Enterprising, Conventional, Social","Critical Thinking, Speaking, Active Listening","Critical Thinking",Speaking,"Active Listening",30010,#30010,0,"British Columbia"
"Managers in health care",2490,34,55.68,84.13,110513.294309473,"Enterprising, Conventional, Social","Critical Thinking, Speaking, Active Listening","Critical Thinking",Speaking,"Active Listening",30010,#30010,0,Mainland/Southwest
"Managers in health care",1000,34,55.68,84.13,110513.294309473,"Enterprising, Conventional, Social","Critical Thinking, Speaking, Active Listening","Critical Thinking",Speaking,"Active Listening",30010,#30010,0,"Vancouver Island/Coast"
"Managers in health care",470,34,55.68,84.13,110513.294309473,"Enterprising, Conventional, Social","Critical Thinking, Speaking, Active Listening","Critical Thinking",Speaking,"Active Listening",30010,#30010,0,Thompson-Okanagan
"Managers in health care",80,34,55.68,84.13,110513.294309473,"Enterprising, Conventional, Social","Critical Thinking, Speaking, Active Listening","Critical Thinking",Speaking,"Active Listening",30010,#30010,0,Kootenay
"Managers in health care",130,34,55.68,84.13,110513.294309473,"Enterprising, Conventional, Social","Critical Thinking, Speaking, Active Listening","Critical Thinking",Speaking,"Active Listening",30010,#30010,0,Cariboo
"Managers in health care",50,34,55.68,84.13,110513.294309473,"Enterprising, Conventional, Social","Critical Thinking, Speaking, Active Listening","Critical Thinking",Speaking,"Active Listening",30010,#30010,0,"North Coast and Nechako"
"Specialists in clinical and laboratory medicine",3040,127985,317845,587478,317845,"Investigative, Social, Realistic","Critical Thinking, Reading Comprehension, Active Listening","Critical Thinking","Reading Comprehension","Active Listening",31100,#31100,1,"British Columbia"
"Specialists in clinical and laboratory medicine",2070,127985,317845,587478,317845,"Investigative, Social, Realistic","Critical Thinking, Reading Comprehension, Active Listening","Critical Thinking","Reading Comprehension","Active Listening",31100,#31100,1,Mainland/Southwest
"Specialists in clinical and laboratory medicine",500,127985,317845,587478,317845,"Investigative, Social, Realistic","Critical Thinking, Reading Comprehension, Active Listening","Critical Thinking","Reading Comprehension","Active Listening",31100,#31100,1,"Vancouver Island/Coast"
"Specialists in clinical and laboratory medicine",280,127985,317845,587478,317845,"Investigative, Social, Realistic","Critical Thinking, Reading Comprehension, Active Listening","Critical Thinking","Reading Comprehension","Active Listening",31100,#31100,1,Thompson-Okanagan
"Specialists in clinical and laboratory medicine",60,127985,317845,587478,317845,"Investigative, Social, Realistic","Critical Thinking, Reading Comprehension, Active Listening","Critical Thinking","Reading Comprehension","Active Listening",31100,#31100,1,Kootenay
"Specialists in clinical and laboratory medicine",80,127985,317845,587478,317845,"Investigative, Social, Realistic","Critical Thinking, Reading Comprehension, Active Listening","Critical Thinking","Reading Comprehension","Active Listening",31100,#31100,1,Cariboo
"Specialists in surgery",970,146214,441788,819593,441788,"Investigative, Social, Realistic","Critical Thinking, Reading Comprehension, Active Listening","Critical Thinking","Reading Comprehension","Active Listening",31101,#31101,1,"British Columbia"
"Specialists in surgery",650,146214,441788,819593,441788,"Investigative, Social, Realistic","Critical Thinking, Reading Comprehension, Active Listening","Critical Thinking","Reading Comprehension","Active Listening",31101,#31101,1,Mainland/Southwest
"Specialists in surgery",130,146214,441788,819593,441788,"Investigative, Social, Realistic","Critical Thinking, Reading Comprehension, Active Listening","Critical Thinking","Reading Comprehension","Active Listening",31101,#31101,1,"Vancouver Island/Coast"
"Specialists in surgery",110,146214,441788,819593,441788,"Investigative, Social, Realistic","Critical Thinking, Reading Comprehension, Active Listening","Critical Thinking","Reading Comprehension","Active Listening",31101,#31101,1,Thompson-Okanagan
"Specialists in surgery",40,146214,441788,819593,441788,"Investigative, Social, Realistic","Critical Thinking, Reading Comprehension, Active Listening","Critical Thinking","Reading Comprehension","Active Listening",31101,#31101,1,Kootenay
"Specialists in surgery",30,146214,441788,819593,441788,"Investigative, Social, Realistic","Critical Thinking, Reading Comprehension, Active Listening","Critical Thinking","Reading Comprehension","Active Listening",31101,#31101,1,Cariboo
"General practitioners and family physicians",4240,56864,160960,348082,160960,"Social, Investigative, Conventional","Critical Thinking, Active Listening, Reading Comprehension","Critical Thinking","Active Listening","Reading Comprehension",31102,#31102,1,"British Columbia"
"General practitioners and family physicians",2680,56864,160960,348082,160960,"Social, Investigative, Conventional","Critical Thinking, Active Listening, Reading Comprehension","Critical Thinking","Active Listening","Reading Comprehension",31102,#31102,1,Mainland/Southwest
"General practitioners and family physicians",860,56864,160960,348082,160960,"Social, Investigative, Conventional","Critical Thinking, Active Listening, Reading Comprehension","Critical Thinking","Active Listening","Reading Comprehension",31102,#31102,1,"Vancouver Island/Coast"
"General practitioners and family physicians",380,56864,160960,348082,160960,"Social, Investigative, Conventional","Critical Thinking, Active Listening, Reading Comprehension","Critical Thinking","Active Listening","Reading Comprehension",31102,#31102,1,Thompson-Okanagan
"General practitioners and family physicians",160,56864,160960,348082,160960,"Social, Investigative, Conventional","Critical Thinking, Active Listening, Reading Comprehension","Critical Thinking","Active Listening","Reading Comprehension",31102,#31102,1,Kootenay
"General practitioners and family physicians",90,56864,160960,348082,160960,"Social, Investigative, Conventional","Critical Thinking, Active Listening, Reading Comprehension","Critical Thinking","Active Listening","Reading Comprehension",31102,#31102,1,Cariboo
"General practitioners and family physicians",50,56864,160960,348082,160960,"Social, Investigative, Conventional","Critical Thinking, Active Listening, Reading Comprehension","Critical Thinking","Active Listening","Reading Comprehension",31102,#31102,1,"North Coast and Nechako"
"General practitioners and family physicians",30,56864,160960,348082,160960,"Social, Investigative, Conventional","Critical Thinking, Active Listening, Reading Comprehension","Critical Thinking","Active Listening","Reading Comprehension",31102,#31102,1,Northeast
Veterinarians,710,35.58,60,86.54,115664.710798993,"Investigative, Realistic, Social","Reading Comprehension, Active Listening, Active Learning","Reading Comprehension","Active Listening","Active Learning",31103,#31103,1,"British Columbia"
Veterinarians,370,35.58,60,86.54,115664.710798993,"Investigative, Realistic, Social","Reading Comprehension, Active Listening, Active Learning","Reading Comprehension","Active Listening","Active Learning",31103,#31103,1,Mainland/Southwest
Veterinarians,240,35.58,60,86.54,115664.710798993,"Investigative, Realistic, Social","Reading Comprehension, Active Listening, Active Learning","Reading Comprehension","Active Listening","Active Learning",31103,#31103,1,"Vancouver Island/Coast"
Dentists,1800,37929,84000,214000,84000,"Realistic, Investigative, Social","Critical Thinking, Active Listening, Complex Problem Solving","Critical Thinking","Active Listening","Complex Problem Solving",31110,#31110,1,"British Columbia"
Dentists,1280,37929,84000,214000,84000,"Realistic, Investigative, Social","Critical Thinking, Active Listening, Complex Problem Solving","Critical Thinking","Active Listening","Complex Problem Solving",31110,#31110,1,Mainland/Southwest
Dentists,220,37929,84000,214000,84000,"Realistic, Investigative, Social","Critical Thinking, Active Listening, Complex Problem Solving","Critical Thinking","Active Listening","Complex Problem Solving",31110,#31110,1,"Vancouver Island/Coast"
Dentists,160,37929,84000,214000,84000,"Realistic, Investigative, Social","Critical Thinking, Active Listening, Complex Problem Solving","Critical Thinking","Active Listening","Complex Problem Solving",31110,#31110,1,Thompson-Okanagan
Dentists,60,37929,84000,214000,84000,"Realistic, Investigative, Social","Critical Thinking, Active Listening, Complex Problem Solving","Critical Thinking","Active Listening","Complex Problem Solving",31110,#31110,1,Kootenay
Dentists,30,37929,84000,214000,84000,"Realistic, Investigative, Social","Critical Thinking, Active Listening, Complex Problem Solving","Critical Thinking","Active Listening","Complex Problem Solving",31110,#31110,1,Cariboo
Dentists,30,37929,84000,214000,84000,"Realistic, Investigative, Social","Critical Thinking, Active Listening, Complex Problem Solving","Critical Thinking","Active Listening","Complex Problem Solving",31110,#31110,1,"North Coast and Nechako"
Optometrists,480,37929,69500,145000,69500,"Investigative, Social, Realistic","Active Listening, Critical Thinking, Reading Comprehension","Active Listening","Critical Thinking","Reading Comprehension",31111,#31111,1,"British Columbia"
Optometrists,310,37929,69500,145000,69500,"Investigative, Social, Realistic","Active Listening, Critical Thinking, Reading Comprehension","Active Listening","Critical Thinking","Reading Comprehension",31111,#31111,1,Mainland/Southwest
Optometrists,80,37929,69500,145000,69500,"Investigative, Social, Realistic","Active Listening, Critical Thinking, Reading Comprehension","Active Listening","Critical Thinking","Reading Comprehension",31111,#31111,1,"Vancouver Island/Coast"
Optometrists,40,37929,69500,145000,69500,"Investigative, Social, Realistic","Active Listening, Critical Thinking, Reading Comprehension","Active Listening","Critical Thinking","Reading Comprehension",31111,#31111,1,Thompson-Okanagan
"Audiologists and speech-language pathologists",700,38.46,47,75,81027.8861172122,"Social, Investigative, Conventional","Active Listening, Reading Comprehension, Critical Thinking","Active Listening","Reading Comprehension","Critical Thinking",31112,#31112,1,"British Columbia"
"Audiologists and speech-language pathologists",420,38.46,47,75,81027.8861172122,"Social, Investigative, Conventional","Active Listening, Reading Comprehension, Critical Thinking","Active Listening","Reading Comprehension","Critical Thinking",31112,#31112,1,Mainland/Southwest
"Audiologists and speech-language pathologists",160,38.46,47,75,81027.8861172122,"Social, Investigative, Conventional","Active Listening, Reading Comprehension, Critical Thinking","Active Listening","Reading Comprehension","Critical Thinking",31112,#31112,1,"Vancouver Island/Coast"
"Audiologists and speech-language pathologists",80,38.46,47,75,81027.8861172122,"Social, Investigative, Conventional","Active Listening, Reading Comprehension, Critical Thinking","Active Listening","Reading Comprehension","Critical Thinking",31112,#31112,1,Thompson-Okanagan
Pharmacists,2690,40.87,52,64,98631.1922648281,"Investigative, Social, Conventional","Speaking, Active Listening, Reading Comprehension",Speaking,"Active Listening","Reading Comprehension",31120,#31120,1,"British Columbia"
Pharmacists,1740,40.87,52,64,98631.1922648281,"Investigative, Social, Conventional","Speaking, Active Listening, Reading Comprehension",Speaking,"Active Listening","Reading Comprehension",31120,#31120,1,Mainland/Southwest
Pharmacists,470,40.87,52,64,98631.1922648281,"Investigative, Social, Conventional","Speaking, Active Listening, Reading Comprehension",Speaking,"Active Listening","Reading Comprehension",31120,#31120,1,"Vancouver Island/Coast"
Pharmacists,290,40.87,52,64,98631.1922648281,"Investigative, Social, Conventional","Speaking, Active Listening, Reading Comprehension",Speaking,"Active Listening","Reading Comprehension",31120,#31120,1,Thompson-Okanagan
Pharmacists,140,40.87,52,64,98631.1922648281,"Investigative, Social, Conventional","Speaking, Active Listening, Reading Comprehension",Speaking,"Active Listening","Reading Comprehension",31120,#31120,1,Kootenay
Pharmacists,40,40.87,52,64,98631.1922648281,"Investigative, Social, Conventional","Speaking, Active Listening, Reading Comprehension",Speaking,"Active Listening","Reading Comprehension",31120,#31120,1,Cariboo
"Dietitians and nutritionists",780,32.85,44,50,77188.3560119048,"Social, Investigative, Enterprising","Active Listening, Critical Thinking, Judgment and Decision Making","Active Listening","Critical Thinking","Judgment and Decision Making",31121,#31121,1,"British Columbia"
"Dietitians and nutritionists",490,32.85,44,50,77188.3560119048,"Social, Investigative, Enterprising","Active Listening, Critical Thinking, Judgment and Decision Making","Active Listening","Critical Thinking","Judgment and Decision Making",31121,#31121,1,Mainland/Southwest
"Dietitians and nutritionists",140,32.85,44,50,77188.3560119048,"Social, Investigative, Enterprising","Active Listening, Critical Thinking, Judgment and Decision Making","Active Listening","Critical Thinking","Judgment and Decision Making",31121,#31121,1,"Vancouver Island/Coast"
"Dietitians and nutritionists",90,32.85,44,50,77188.3560119048,"Social, Investigative, Enterprising","Active Listening, Critical Thinking, Judgment and Decision Making","Active Listening","Critical Thinking","Judgment and Decision Making",31121,#31121,1,Thompson-Okanagan
Psychologists,990,33.09,49.09,66.84,76890.8892151282,"Investigative, Social, Conventional","Reading Comprehension, Active Listening, Critical Thinking","Reading Comprehension","Active Listening","Critical Thinking",31200,#31200,1,"British Columbia"
Psychologists,700,33.09,49.09,66.84,76890.8892151282,"Investigative, Social, Conventional","Reading Comprehension, Active Listening, Critical Thinking","Reading Comprehension","Active Listening","Critical Thinking",31200,#31200,1,Mainland/Southwest
Psychologists,200,33.09,49.09,66.84,76890.8892151282,"Investigative, Social, Conventional","Reading Comprehension, Active Listening, Critical Thinking","Reading Comprehension","Active Listening","Critical Thinking",31200,#31200,1,"Vancouver Island/Coast"
Psychologists,70,33.09,49.09,66.84,76890.8892151282,"Investigative, Social, Conventional","Reading Comprehension, Active Listening, Critical Thinking","Reading Comprehension","Active Listening","Critical Thinking",31200,#31200,1,Thompson-Okanagan
Chiropractors,710,37929,60000,130000,60000,"Social, Realistic, Investigative","Active Listening, Critical Thinking, Reading Comprehension","Active Listening","Critical Thinking","Reading Comprehension",31201,#31201,1,"British Columbia"
Chiropractors,420,37929,60000,130000,60000,"Social, Realistic, Investigative","Active Listening, Critical Thinking, Reading Comprehension","Active Listening","Critical Thinking","Reading Comprehension",31201,#31201,1,Mainland/Southwest
Chiropractors,120,37929,60000,130000,60000,"Social, Realistic, Investigative","Active Listening, Critical Thinking, Reading Comprehension","Active Listening","Critical Thinking","Reading Comprehension",31201,#31201,1,"Vancouver Island/Coast"
Chiropractors,110,37929,60000,130000,60000,"Social, Realistic, Investigative","Active Listening, Critical Thinking, Reading Comprehension","Active Listening","Critical Thinking","Reading Comprehension",31201,#31201,1,Thompson-Okanagan
Chiropractors,30,37929,60000,130000,60000,"Social, Realistic, Investigative","Active Listening, Critical Thinking, Reading Comprehension","Active Listening","Critical Thinking","Reading Comprehension",31201,#31201,1,Cariboo
Physiotherapists,2400,28,50,72.12,85938.3853917484,"Social, Investigative, Realistic","Active Listening, Critical Thinking, Reading Comprehension","Active Listening","Critical Thinking","Reading Comprehension",31202,#31202,1,"British Columbia"
Physiotherapists,1520,28,50,72.12,85938.3853917484,"Social, Investigative, Realistic","Active Listening, Critical Thinking, Reading Comprehension","Active Listening","Critical Thinking","Reading Comprehension",31202,#31202,1,Mainland/Southwest
Physiotherapists,430,28,50,72.12,85938.3853917484,"Social, Investigative, Realistic","Active Listening, Critical Thinking, Reading Comprehension","Active Listening","Critical Thinking","Reading Comprehension",31202,#31202,1,"Vancouver Island/Coast"
Physiotherapists,260,28,50,72.12,85938.3853917484,"Social, Investigative, Realistic","Active Listening, Critical Thinking, Reading Comprehension","Active Listening","Critical Thinking","Reading Comprehension",31202,#31202,1,Thompson-Okanagan
Physiotherapists,90,28,50,72.12,85938.3853917484,"Social, Investigative, Realistic","Active Listening, Critical Thinking, Reading Comprehension","Active Listening","Critical Thinking","Reading Comprehension",31202,#31202,1,Kootenay
Physiotherapists,50,28,50,72.12,85938.3853917484,"Social, Investigative, Realistic","Active Listening, Critical Thinking, Reading Comprehension","Active Listening","Critical Thinking","Reading Comprehension",31202,#31202,1,Cariboo
Physiotherapists,30,28,50,72.12,85938.3853917484,"Social, Investigative, Realistic","Active Listening, Critical Thinking, Reading Comprehension","Active Listening","Critical Thinking","Reading Comprehension",31202,#31202,1,"North Coast and Nechako"
"Occupational therapists",1420,30,50,66.91,85739.3673245139,"Social, Investigative, Realistic","Active Listening, Service Orientation, Speaking","Active Listening","Service Orientation",Speaking,31203,#31203,1,"British Columbia"
"Occupational therapists",960,30,50,66.91,85739.3673245139,"Social, Investigative, Realistic","Active Listening, Service Orientation, Speaking","Active Listening","Service Orientation",Speaking,31203,#31203,1,Mainland/Southwest
"Occupational therapists",260,30,50,66.91,85739.3673245139,"Social, Investigative, Realistic","Active Listening, Service Orientation, Speaking","Active Listening","Service Orientation",Speaking,31203,#31203,1,"Vancouver Island/Coast"
"Occupational therapists",120,30,50,66.91,85739.3673245139,"Social, Investigative, Realistic","Active Listening, Service Orientation, Speaking","Active Listening","Service Orientation",Speaking,31203,#31203,1,Thompson-Okanagan
"Occupational therapists",30,30,50,66.91,85739.3673245139,"Social, Investigative, Realistic","Active Listening, Service Orientation, Speaking","Active Listening","Service Orientation",Speaking,31203,#31203,1,Kootenay
"Occupational therapists",40,30,50,66.91,85739.3673245139,"Social, Investigative, Realistic","Active Listening, Service Orientation, Speaking","Active Listening","Service Orientation",Speaking,31203,#31203,1,Cariboo
"Kinesiologists and other professional occupations in therapy and assessment",750,23,30,45.92,48710.823447205,"Social, Investigative, Realistic","Social Perceptiveness, Active Listening, Speaking","Social Perceptiveness","Active Listening",Speaking,31204,#31204,1,"British Columbia"
"Kinesiologists and other professional occupations in therapy and assessment",530,23,30,45.92,48710.823447205,"Social, Investigative, Realistic","Social Perceptiveness, Active Listening, Speaking","Social Perceptiveness","Active Listening",Speaking,31204,#31204,1,Mainland/Southwest
"Kinesiologists and other professional occupations in therapy and assessment",110,23,30,45.92,48710.823447205,"Social, Investigative, Realistic","Social Perceptiveness, Active Listening, Speaking","Social Perceptiveness","Active Listening",Speaking,31204,#31204,1,"Vancouver Island/Coast"
"Kinesiologists and other professional occupations in therapy and assessment",100,23,30,45.92,48710.823447205,"Social, Investigative, Realistic","Social Perceptiveness, Active Listening, Speaking","Social Perceptiveness","Active Listening",Speaking,31204,#31204,1,Thompson-Okanagan
"Other professional occupations in health diagnosing and treating",450,37929,71500,124000,71500,"Investigative, Realistic, Social","Active Listening, Critical Thinking, Speaking","Active Listening","Critical Thinking",Speaking,31209,#31209,1,"British Columbia"
"Other professional occupations in health diagnosing and treating",270,37929,71500,124000,71500,"Investigative, Realistic, Social","Active Listening, Critical Thinking, Speaking","Active Listening","Critical Thinking",Speaking,31209,#31209,1,Mainland/Southwest
"Other professional occupations in health diagnosing and treating",70,37929,71500,124000,71500,"Investigative, Realistic, Social","Active Listening, Critical Thinking, Speaking","Active Listening","Critical Thinking",Speaking,31209,#31209,1,"Vancouver Island/Coast"
"Other professional occupations in health diagnosing and treating",70,37929,71500,124000,71500,"Investigative, Realistic, Social","Active Listening, Critical Thinking, Speaking","Active Listening","Critical Thinking",Speaking,31209,#31209,1,Thompson-Okanagan
"Other professional occupations in health diagnosing and treating",40,37929,71500,124000,71500,"Investigative, Realistic, Social","Active Listening, Critical Thinking, Speaking","Active Listening","Critical Thinking",Speaking,31209,#31209,1,Kootenay
"Nursing coordinators and supervisors",1370,29,48.08,61.54,93601.2875306685,"Social, Investigative, Conventional","Social Perceptiveness, Speaking, Active Listening","Social Perceptiveness",Speaking,"Active Listening",31300,#31300,1,"British Columbia"
"Nursing coordinators and supervisors",890,29,48.08,61.54,93601.2875306685,"Social, Investigative, Conventional","Social Perceptiveness, Speaking, Active Listening","Social Perceptiveness",Speaking,"Active Listening",31300,#31300,1,Mainland/Southwest
"Nursing coordinators and supervisors",290,29,48.08,61.54,93601.2875306685,"Social, Investigative, Conventional","Social Perceptiveness, Speaking, Active Listening","Social Perceptiveness",Speaking,"Active Listening",31300,#31300,1,"Vancouver Island/Coast"
"Nursing coordinators and supervisors",120,29,48.08,61.54,93601.2875306685,"Social, Investigative, Conventional","Social Perceptiveness, Speaking, Active Listening","Social Perceptiveness",Speaking,"Active Listening",31300,#31300,1,Thompson-Okanagan
"Nursing coordinators and supervisors",30,29,48.08,61.54,93601.2875306685,"Social, Investigative, Conventional","Social Perceptiveness, Speaking, Active Listening","Social Perceptiveness",Speaking,"Active Listening",31300,#31300,1,Northeast
"Registered nurses and registered psychiatric nurses",25600,35,47.58,57,87229.6288064562,"Social, Investigative, Conventional","Social Perceptiveness, Speaking, Active Listening","Social Perceptiveness",Speaking,"Active Listening",31301,#31301,1,"British Columbia"
"Registered nurses and registered psychiatric nurses",15680,35,47.58,57,87229.6288064562,"Social, Investigative, Conventional","Social Perceptiveness, Speaking, Active Listening","Social Perceptiveness",Speaking,"Active Listening",31301,#31301,1,Mainland/Southwest
"Registered nurses and registered psychiatric nurses",5040,35,47.58,57,87229.6288064562,"Social, Investigative, Conventional","Social Perceptiveness, Speaking, Active Listening","Social Perceptiveness",Speaking,"Active Listening",31301,#31301,1,"Vancouver Island/Coast"
"Registered nurses and registered psychiatric nurses",2610,35,47.58,57,87229.6288064562,"Social, Investigative, Conventional","Social Perceptiveness, Speaking, Active Listening","Social Perceptiveness",Speaking,"Active Listening",31301,#31301,1,Thompson-Okanagan
"Registered nurses and registered psychiatric nurses",790,35,47.58,57,87229.6288064562,"Social, Investigative, Conventional","Social Perceptiveness, Speaking, Active Listening","Social Perceptiveness",Speaking,"Active Listening",31301,#31301,1,Kootenay
"Registered nurses and registered psychiatric nurses",960,35,47.58,57,87229.6288064562,"Social, Investigative, Conventional","Social Perceptiveness, Speaking, Active Listening","Social Perceptiveness",Speaking,"Active Listening",31301,#31301,1,Cariboo
"Registered nurses and registered psychiatric nurses",230,35,47.58,57,87229.6288064562,"Social, Investigative, Conventional","Social Perceptiveness, Speaking, Active Listening","Social Perceptiveness",Speaking,"Active Listening",31301,#31301,1,"North Coast and Nechako"
"Registered nurses and registered psychiatric nurses",290,35,47.58,57,87229.6288064562,"Social, Investigative, Conventional","Social Perceptiveness, Speaking, Active Listening","Social Perceptiveness",Speaking,"Active Listening",31301,#31301,1,Northeast
"Nurse practitioners",380,42.49,59.53,74.59,100514.260886493,"Social, Investigative, Conventional","Critical Thinking, Active Listening, Reading Comprehension","Critical Thinking","Active Listening","Reading Comprehension",31302,#31302,1,"British Columbia"
"Nurse practitioners",220,42.49,59.53,74.59,100514.260886493,"Social, Investigative, Conventional","Critical Thinking, Active Listening, Reading Comprehension","Critical Thinking","Active Listening","Reading Comprehension",31302,#31302,1,Mainland/Southwest
"Nurse practitioners",80,42.49,59.53,74.59,100514.260886493,"Social, Investigative, Conventional","Critical Thinking, Active Listening, Reading Comprehension","Critical Thinking","Active Listening","Reading Comprehension",31302,#31302,1,"Vancouver Island/Coast"
"Nurse practitioners",40,42.49,59.53,74.59,100514.260886493,"Social, Investigative, Conventional","Critical Thinking, Active Listening, Reading Comprehension","Critical Thinking","Active Listening","Reading Comprehension",31302,#31302,1,Thompson-Okanagan
"Physician assistants, midwives and allied health professionals",150,30.77,44.2,56,144330.472,"Social, Investigative, Conventional","Active Listening, Speaking, Social Perceptiveness","Active Listening",Speaking,"Social Perceptiveness",31303,#31303,1,"British Columbia"
"Physician assistants, midwives and allied health professionals",100,30.77,44.2,56,144330.472,"Social, Investigative, Conventional","Active Listening, Speaking, Social Perceptiveness","Active Listening",Speaking,"Social Perceptiveness",31303,#31303,1,Mainland/Southwest
"Physician assistants, midwives and allied health professionals",40,30.77,44.2,56,144330.472,"Social, Investigative, Conventional","Active Listening, Speaking, Social Perceptiveness","Active Listening",Speaking,"Social Perceptiveness",31303,#31303,1,"Vancouver Island/Coast"
Opticians,660,22,30.82,38.46,54159.7294112699,"Conventional, Realistic, Enterprising","Speaking, Active Listening, Reading Comprehension",Speaking,"Active Listening","Reading Comprehension",32100,#32100,2,"British Columbia"
Opticians,470,22,30.82,38.46,54159.7294112699,"Conventional, Realistic, Enterprising","Speaking, Active Listening, Reading Comprehension",Speaking,"Active Listening","Reading Comprehension",32100,#32100,2,Mainland/Southwest
Opticians,90,22,30.82,38.46,54159.7294112699,"Conventional, Realistic, Enterprising","Speaking, Active Listening, Reading Comprehension",Speaking,"Active Listening","Reading Comprehension",32100,#32100,2,"Vancouver Island/Coast"
Opticians,90,22,30.82,38.46,54159.7294112699,"Conventional, Realistic, Enterprising","Speaking, Active Listening, Reading Comprehension",Speaking,"Active Listening","Reading Comprehension",32100,#32100,2,Thompson-Okanagan
"Licensed practical nurses",4510,29,34.57,42,64144.3814638641,"Social, Realistic, Conventional","Service Orientation, Monitoring, Coordination","Service Orientation",Monitoring,Coordination,32101,#32101,2,"British Columbia"
"Licensed practical nurses",2330,29,34.57,42,64144.3814638641,"Social, Realistic, Conventional","Service Orientation, Monitoring, Coordination","Service Orientation",Monitoring,Coordination,32101,#32101,2,Mainland/Southwest
"Licensed practical nurses",1050,29,34.57,42,64144.3814638641,"Social, Realistic, Conventional","Service Orientation, Monitoring, Coordination","Service Orientation",Monitoring,Coordination,32101,#32101,2,"Vancouver Island/Coast"
"Licensed practical nurses",580,29,34.57,42,64144.3814638641,"Social, Realistic, Conventional","Service Orientation, Monitoring, Coordination","Service Orientation",Monitoring,Coordination,32101,#32101,2,Thompson-Okanagan
"Licensed practical nurses",220,29,34.57,42,64144.3814638641,"Social, Realistic, Conventional","Service Orientation, Monitoring, Coordination","Service Orientation",Monitoring,Coordination,32101,#32101,2,Kootenay
"Licensed practical nurses",230,29,34.57,42,64144.3814638641,"Social, Realistic, Conventional","Service Orientation, Monitoring, Coordination","Service Orientation",Monitoring,Coordination,32101,#32101,2,Cariboo
"Licensed practical nurses",40,29,34.57,42,64144.3814638641,"Social, Realistic, Conventional","Service Orientation, Monitoring, Coordination","Service Orientation",Monitoring,Coordination,32101,#32101,2,"North Coast and Nechako"
"Licensed practical nurses",80,29,34.57,42,64144.3814638641,"Social, Realistic, Conventional","Service Orientation, Monitoring, Coordination","Service Orientation",Monitoring,Coordination,32101,#32101,2,Northeast
"Paramedical occupations",1720,25,34,46,74774.6106674129,"Realistic, Social, Conventional","Critical Thinking, Service Orientation, Active Listening","Critical Thinking","Service Orientation","Active Listening",32102,#32102,2,"British Columbia"
"Paramedical occupations",720,25,34,46,74774.6106674129,"Realistic, Social, Conventional","Critical Thinking, Service Orientation, Active Listening","Critical Thinking","Service Orientation","Active Listening",32102,#32102,2,Mainland/Southwest
"Paramedical occupations",410,25,34,46,74774.6106674129,"Realistic, Social, Conventional","Critical Thinking, Service Orientation, Active Listening","Critical Thinking","Service Orientation","Active Listening",32102,#32102,2,"Vancouver Island/Coast"
"Paramedical occupations",260,25,34,46,74774.6106674129,"Realistic, Social, Conventional","Critical Thinking, Service Orientation, Active Listening","Critical Thinking","Service Orientation","Active Listening",32102,#32102,2,Thompson-Okanagan
"Paramedical occupations",130,25,34,46,74774.6106674129,"Realistic, Social, Conventional","Critical Thinking, Service Orientation, Active Listening","Critical Thinking","Service Orientation","Active Listening",32102,#32102,2,Kootenay
"Paramedical occupations",80,25,34,46,74774.6106674129,"Realistic, Social, Conventional","Critical Thinking, Service Orientation, Active Listening","Critical Thinking","Service Orientation","Active Listening",32102,#32102,2,Cariboo
"Paramedical occupations",80,25,34,46,74774.6106674129,"Realistic, Social, Conventional","Critical Thinking, Service Orientation, Active Listening","Critical Thinking","Service Orientation","Active Listening",32102,#32102,2,"North Coast and Nechako"
"Paramedical occupations",40,25,34,46,74774.6106674129,"Realistic, Social, Conventional","Critical Thinking, Service Orientation, Active Listening","Critical Thinking","Service Orientation","Active Listening",32102,#32102,2,Northeast
"Respiratory therapists, clinical perfusionists and cardiopulmonary technologists",910,32,39,47,73674.6721302083,"Social, Investigative, Realistic","Active Listening, Critical Thinking, Speaking","Active Listening","Critical Thinking",Speaking,32103,#32103,2,"British Columbia"
"Respiratory therapists, clinical perfusionists and cardiopulmonary technologists",590,32,39,47,73674.6721302083,"Social, Investigative, Realistic","Active Listening, Critical Thinking, Speaking","Active Listening","Critical Thinking",Speaking,32103,#32103,2,Mainland/Southwest
"Respiratory therapists, clinical perfusionists and cardiopulmonary technologists",160,32,39,47,73674.6721302083,"Social, Investigative, Realistic","Active Listening, Critical Thinking, Speaking","Active Listening","Critical Thinking",Speaking,32103,#32103,2,"Vancouver Island/Coast"
"Respiratory therapists, clinical perfusionists and cardiopulmonary technologists",110,32,39,47,73674.6721302083,"Social, Investigative, Realistic","Active Listening, Critical Thinking, Speaking","Active Listening","Critical Thinking",Speaking,32103,#32103,2,Thompson-Okanagan
"Animal health technologists and veterinary technicians",320,17.85,23,33.17,41881.9934306802,"Realistic, Investigative, Conventional","Active Listening, Critical Thinking, Reading Comprehension","Active Listening","Critical Thinking","Reading Comprehension",32104,#32104,2,"Vancouver Island/Coast"
"Other technical occupations in therapy and assessment",1000,22,30,39.56,51459.7794709695,"Social, Realistic, Conventional","Active Listening, Speaking, Social Perceptiveness","Active Listening",Speaking,"Social Perceptiveness",32109,#32109,2,"British Columbia"
"Other technical occupations in therapy and assessment",620,22,30,39.56,51459.7794709695,"Social, Realistic, Conventional","Active Listening, Speaking, Social Perceptiveness","Active Listening",Speaking,"Social Perceptiveness",32109,#32109,2,Mainland/Southwest
"Other technical occupations in therapy and assessment",170,22,30,39.56,51459.7794709695,"Social, Realistic, Conventional","Active Listening, Speaking, Social Perceptiveness","Active Listening",Speaking,"Social Perceptiveness",32109,#32109,2,"Vancouver Island/Coast"
"Other technical occupations in therapy and assessment",140,22,30,39.56,51459.7794709695,"Social, Realistic, Conventional","Active Listening, Speaking, Social Perceptiveness","Active Listening",Speaking,"Social Perceptiveness",32109,#32109,2,Thompson-Okanagan
"Other technical occupations in therapy and assessment",30,22,30,39.56,51459.7794709695,"Social, Realistic, Conventional","Active Listening, Speaking, Social Perceptiveness","Active Listening",Speaking,"Social Perceptiveness",32109,#32109,2,Kootenay
"Dental hygienists and dental therapists",1800,43.59,55,65,88597.9570457712,"Social, Realistic, Investigative","Active Listening, Critical Thinking, Speaking","Active Listening","Critical Thinking",Speaking,32111,#32111,2,"British Columbia"
"Dental hygienists and dental therapists",1030,43.59,55,65,88597.9570457712,"Social, Realistic, Investigative","Active Listening, Critical Thinking, Speaking","Active Listening","Critical Thinking",Speaking,32111,#32111,2,Mainland/Southwest
"Dental hygienists and dental therapists",350,43.59,55,65,88597.9570457712,"Social, Realistic, Investigative","Active Listening, Critical Thinking, Speaking","Active Listening","Critical Thinking",Speaking,32111,#32111,2,"Vancouver Island/Coast"
"Dental hygienists and dental therapists",230,43.59,55,65,88597.9570457712,"Social, Realistic, Investigative","Active Listening, Critical Thinking, Speaking","Active Listening","Critical Thinking",Speaking,32111,#32111,2,Thompson-Okanagan
"Dental hygienists and dental therapists",90,43.59,55,65,88597.9570457712,"Social, Realistic, Investigative","Active Listening, Critical Thinking, Speaking","Active Listening","Critical Thinking",Speaking,32111,#32111,2,Kootenay
"Dental hygienists and dental therapists",40,43.59,55,65,88597.9570457712,"Social, Realistic, Investigative","Active Listening, Critical Thinking, Speaking","Active Listening","Critical Thinking",Speaking,32111,#32111,2,Cariboo
"Dental hygienists and dental therapists",40,43.59,55,65,88597.9570457712,"Social, Realistic, Investigative","Active Listening, Critical Thinking, Speaking","Active Listening","Critical Thinking",Speaking,32111,#32111,2,"North Coast and Nechako"
"Dental technologists and technicians",280,21.63,31.73,41.25,64283.55215,"Realistic, Investigative, Conventional","Reading Comprehension, Critical Thinking, Time Management","Reading Comprehension","Critical Thinking","Time Management",32112,#32112,2,Mainland/Southwest
"Medical laboratory technologists",1660,30,41,45.9,73914.8940831711,"Investigative, Realistic, Conventional","Critical Thinking, Reading Comprehension, Active Listening","Critical Thinking","Reading Comprehension","Active Listening",32120,#32120,2,"British Columbia"
"Medical laboratory technologists",1140,30,41,45.9,73914.8940831711,"Investigative, Realistic, Conventional","Critical Thinking, Reading Comprehension, Active Listening","Critical Thinking","Reading Comprehension","Active Listening",32120,#32120,2,Mainland/Southwest
"Medical laboratory technologists",250,30,41,45.9,73914.8940831711,"Investigative, Realistic, Conventional","Critical Thinking, Reading Comprehension, Active Listening","Critical Thinking","Reading Comprehension","Active Listening",32120,#32120,2,"Vancouver Island/Coast"
"Medical laboratory technologists",150,30,41,45.9,73914.8940831711,"Investigative, Realistic, Conventional","Critical Thinking, Reading Comprehension, Active Listening","Critical Thinking","Reading Comprehension","Active Listening",32120,#32120,2,Thompson-Okanagan
"Medical laboratory technologists",50,30,41,45.9,73914.8940831711,"Investigative, Realistic, Conventional","Critical Thinking, Reading Comprehension, Active Listening","Critical Thinking","Reading Comprehension","Active Listening",32120,#32120,2,Kootenay
"Medical laboratory technologists",40,30,41,45.9,73914.8940831711,"Investigative, Realistic, Conventional","Critical Thinking, Reading Comprehension, Active Listening","Critical Thinking","Reading Comprehension","Active Listening",32120,#32120,2,Cariboo
"Medical radiation technologists",1660,32,42,53.15,65854.4668647719,"Realistic, Investigative, Conventional","Active Listening, Reading Comprehension, Critical Thinking","Active Listening","Reading Comprehension","Critical Thinking",32121,#32121,2,"British Columbia"
"Medical radiation technologists",970,32,42,53.15,65854.4668647719,"Realistic, Investigative, Conventional","Active Listening, Reading Comprehension, Critical Thinking","Active Listening","Reading Comprehension","Critical Thinking",32121,#32121,2,Mainland/Southwest
"Medical radiation technologists",330,32,42,53.15,65854.4668647719,"Realistic, Investigative, Conventional","Active Listening, Reading Comprehension, Critical Thinking","Active Listening","Reading Comprehension","Critical Thinking",32121,#32121,2,"Vancouver Island/Coast"
"Medical radiation technologists",190,32,42,53.15,65854.4668647719,"Realistic, Investigative, Conventional","Active Listening, Reading Comprehension, Critical Thinking","Active Listening","Reading Comprehension","Critical Thinking",32121,#32121,2,Thompson-Okanagan
"Medical radiation technologists",50,32,42,53.15,65854.4668647719,"Realistic, Investigative, Conventional","Active Listening, Reading Comprehension, Critical Thinking","Active Listening","Reading Comprehension","Critical Thinking",32121,#32121,2,Kootenay
"Medical radiation technologists",90,32,42,53.15,65854.4668647719,"Realistic, Investigative, Conventional","Active Listening, Reading Comprehension, Critical Thinking","Active Listening","Reading Comprehension","Critical Thinking",32121,#32121,2,Cariboo
"Medical radiation technologists",30,32,42,53.15,65854.4668647719,"Realistic, Investigative, Conventional","Active Listening, Reading Comprehension, Critical Thinking","Active Listening","Reading Comprehension","Critical Thinking",32121,#32121,2,Northeast
"Medical sonographers",570,35,44.41,50,71932.9723382764,"Realistic, Conventional, Investigative","Active Listening, Reading Comprehension, Social Perceptiveness","Active Listening","Reading Comprehension","Social Perceptiveness",32122,#32122,2,"British Columbia"
"Medical sonographers",370,35,44.41,50,71932.9723382764,"Realistic, Conventional, Investigative","Active Listening, Reading Comprehension, Social Perceptiveness","Active Listening","Reading Comprehension","Social Perceptiveness",32122,#32122,2,Mainland/Southwest
"Medical sonographers",40,35,44.41,50,71932.9723382764,"Realistic, Conventional, Investigative","Active Listening, Reading Comprehension, Social Perceptiveness","Active Listening","Reading Comprehension","Social Perceptiveness",32122,#32122,2,Thompson-Okanagan
"Medical sonographers",30,35,44.41,50,71932.9723382764,"Realistic, Conventional, Investigative","Active Listening, Reading Comprehension, Social Perceptiveness","Active Listening","Reading Comprehension","Social Perceptiveness",32122,#32122,2,Kootenay
"Cardiology technologists and electrophysiological diagnostic technologists",330,35,39,45.64,68260.4611764706,"Investigative, Realistic, Social","Active Listening, Speaking, Critical Thinking","Active Listening",Speaking,"Critical Thinking",32123,#32123,2,"British Columbia"
"Cardiology technologists and electrophysiological diagnostic technologists",230,35,39,45.64,68260.4611764706,"Investigative, Realistic, Social","Active Listening, Speaking, Critical Thinking","Active Listening",Speaking,"Critical Thinking",32123,#32123,2,Mainland/Southwest
"Cardiology technologists and electrophysiological diagnostic technologists",70,35,39,45.64,68260.4611764706,"Investigative, Realistic, Social","Active Listening, Speaking, Critical Thinking","Active Listening",Speaking,"Critical Thinking",32123,#32123,2,"Vancouver Island/Coast"
"Pharmacy technicians",1250,20,31,34.18,57183.9150260072,"Realistic, Social, Conventional","Active Listening, Speaking, Reading Comprehension","Active Listening",Speaking,"Reading Comprehension",32124,#32124,2,"British Columbia"
"Pharmacy technicians",740,20,31,34.18,57183.9150260072,"Realistic, Social, Conventional","Active Listening, Speaking, Reading Comprehension","Active Listening",Speaking,"Reading Comprehension",32124,#32124,2,Mainland/Southwest
"Pharmacy technicians",230,20,31,34.18,57183.9150260072,"Realistic, Social, Conventional","Active Listening, Speaking, Reading Comprehension","Active Listening",Speaking,"Reading Comprehension",32124,#32124,2,"Vancouver Island/Coast"
"Pharmacy technicians",150,20,31,34.18,57183.9150260072,"Realistic, Social, Conventional","Active Listening, Speaking, Reading Comprehension","Active Listening",Speaking,"Reading Comprehension",32124,#32124,2,Thompson-Okanagan
"Pharmacy technicians",80,20,31,34.18,57183.9150260072,"Realistic, Social, Conventional","Active Listening, Speaking, Reading Comprehension","Active Listening",Speaking,"Reading Comprehension",32124,#32124,2,Kootenay
"Other medical technologists and technicians",170,17.85,28,31.55,45503.7214210526,"Realistic, Social, Conventional","Active Listening, Speaking, Reading Comprehension","Active Listening",Speaking,"Reading Comprehension",32129,#32129,2,"British Columbia"
"Traditional Chinese medicine practitioners and acupuncturists",690,37929,37929,71000,37929,"Social, Investigative, Realistic","Social Perceptiveness, Active Listening, Critical Thinking","Social Perceptiveness","Active Listening","Critical Thinking",32200,#32200,2,"British Columbia"
"Traditional Chinese medicine practitioners and acupuncturists",510,37929,37929,71000,37929,"Social, Investigative, Realistic","Social Perceptiveness, Active Listening, Critical Thinking","Social Perceptiveness","Active Listening","Critical Thinking",32200,#32200,2,Mainland/Southwest
"Traditional Chinese medicine practitioners and acupuncturists",110,37929,37929,71000,37929,"Social, Investigative, Realistic","Social Perceptiveness, Active Listening, Critical Thinking","Social Perceptiveness","Active Listening","Critical Thinking",32200,#32200,2,"Vancouver Island/Coast"
"Traditional Chinese medicine practitioners and acupuncturists",30,37929,37929,71000,37929,"Social, Investigative, Realistic","Social Perceptiveness, Active Listening, Critical Thinking","Social Perceptiveness","Active Listening","Critical Thinking",32200,#32200,2,Kootenay
"Massage therapists",3300,37929,43600,81000,43600,"Social, Realistic, Investigative","Active Listening, Speaking, Service Orientation","Active Listening",Speaking,"Service Orientation",32201,#32201,2,"British Columbia"
"Massage therapists",1950,37929,43600,81000,43600,"Social, Realistic, Investigative","Active Listening, Speaking, Service Orientation","Active Listening",Speaking,"Service Orientation",32201,#32201,2,Mainland/Southwest
"Massage therapists",650,37929,43600,81000,43600,"Social, Realistic, Investigative","Active Listening, Speaking, Service Orientation","Active Listening",Speaking,"Service Orientation",32201,#32201,2,"Vancouver Island/Coast"
"Massage therapists",390,37929,43600,81000,43600,"Social, Realistic, Investigative","Active Listening, Speaking, Service Orientation","Active Listening",Speaking,"Service Orientation",32201,#32201,2,Thompson-Okanagan
"Massage therapists",190,37929,43600,81000,43600,"Social, Realistic, Investigative","Active Listening, Speaking, Service Orientation","Active Listening",Speaking,"Service Orientation",32201,#32201,2,Kootenay
"Massage therapists",60,37929,43600,81000,43600,"Social, Realistic, Investigative","Active Listening, Speaking, Service Orientation","Active Listening",Speaking,"Service Orientation",32201,#32201,2,Cariboo
"Massage therapists",50,37929,43600,81000,43600,"Social, Realistic, Investigative","Active Listening, Speaking, Service Orientation","Active Listening",Speaking,"Service Orientation",32201,#32201,2,"North Coast and Nechako"
"Other practitioners of natural healing",480,N/A,37929,N/A,37929,"Social, Investigative, Realistic","Social Perceptiveness, Active Listening, Critical Thinking","Social Perceptiveness","Active Listening","Critical Thinking",32209,#32209,2,"British Columbia"
"Other practitioners of natural healing",250,N/A,37929,N/A,37929,"Social, Investigative, Realistic","Social Perceptiveness, Active Listening, Critical Thinking","Social Perceptiveness","Active Listening","Critical Thinking",32209,#32209,2,Mainland/Southwest
"Other practitioners of natural healing",150,N/A,37929,N/A,37929,"Social, Investigative, Realistic","Social Perceptiveness, Active Listening, Critical Thinking","Social Perceptiveness","Active Listening","Critical Thinking",32209,#32209,2,"Vancouver Island/Coast"
"Other practitioners of natural healing",60,N/A,37929,N/A,37929,"Social, Investigative, Realistic","Social Perceptiveness, Active Listening, Critical Thinking","Social Perceptiveness","Active Listening","Critical Thinking",32209,#32209,2,Thompson-Okanagan
"Dental assistants and dental laboratory assistants",2820,24,31,36,54281.941245242,"Conventional, Realistic, Social","Active Listening, Speaking, Reading Comprehension","Active Listening",Speaking,"Reading Comprehension",33100,#33100,3,"British Columbia"
"Dental assistants and dental laboratory assistants",1900,24,31,36,54281.941245242,"Conventional, Realistic, Social","Active Listening, Speaking, Reading Comprehension","Active Listening",Speaking,"Reading Comprehension",33100,#33100,3,Mainland/Southwest
"Dental assistants and dental laboratory assistants",410,24,31,36,54281.941245242,"Conventional, Realistic, Social","Active Listening, Speaking, Reading Comprehension","Active Listening",Speaking,"Reading Comprehension",33100,#33100,3,"Vancouver Island/Coast"
"Dental assistants and dental laboratory assistants",270,24,31,36,54281.941245242,"Conventional, Realistic, Social","Active Listening, Speaking, Reading Comprehension","Active Listening",Speaking,"Reading Comprehension",33100,#33100,3,Thompson-Okanagan
"Dental assistants and dental laboratory assistants",100,24,31,36,54281.941245242,"Conventional, Realistic, Social","Active Listening, Speaking, Reading Comprehension","Active Listening",Speaking,"Reading Comprehension",33100,#33100,3,Kootenay
"Dental assistants and dental laboratory assistants",70,24,31,36,54281.941245242,"Conventional, Realistic, Social","Active Listening, Speaking, Reading Comprehension","Active Listening",Speaking,"Reading Comprehension",33100,#33100,3,Cariboo
"Dental assistants and dental laboratory assistants",40,24,31,36,54281.941245242,"Conventional, Realistic, Social","Active Listening, Speaking, Reading Comprehension","Active Listening",Speaking,"Reading Comprehension",33100,#33100,3,"North Coast and Nechako"
"Dental assistants and dental laboratory assistants",20,24,31,36,54281.941245242,"Conventional, Realistic, Social","Active Listening, Speaking, Reading Comprehension","Active Listening",Speaking,"Reading Comprehension",33100,#33100,3,Northeast
"Medical laboratory assistants and related technical occupations",1990,20.5,28,31,47732.9706718332,"Realistic, Investigative, Conventional","Active Listening, Critical Thinking, Reading Comprehension","Active Listening","Critical Thinking","Reading Comprehension",33101,#33101,3,"British Columbia"
"Medical laboratory assistants and related technical occupations",1250,20.5,28,31,47732.9706718332,"Realistic, Investigative, Conventional","Active Listening, Critical Thinking, Reading Comprehension","Active Listening","Critical Thinking","Reading Comprehension",33101,#33101,3,Mainland/Southwest
"Medical laboratory assistants and related technical occupations",350,20.5,28,31,47732.9706718332,"Realistic, Investigative, Conventional","Active Listening, Critical Thinking, Reading Comprehension","Active Listening","Critical Thinking","Reading Comprehension",33101,#33101,3,"Vancouver Island/Coast"
"Medical laboratory assistants and related technical occupations",170,20.5,28,31,47732.9706718332,"Realistic, Investigative, Conventional","Active Listening, Critical Thinking, Reading Comprehension","Active Listening","Critical Thinking","Reading Comprehension",33101,#33101,3,Thompson-Okanagan
"Medical laboratory assistants and related technical occupations",60,20.5,28,31,47732.9706718332,"Realistic, Investigative, Conventional","Active Listening, Critical Thinking, Reading Comprehension","Active Listening","Critical Thinking","Reading Comprehension",33101,#33101,3,Kootenay
"Medical laboratory assistants and related technical occupations",90,20.5,28,31,47732.9706718332,"Realistic, Investigative, Conventional","Active Listening, Critical Thinking, Reading Comprehension","Active Listening","Critical Thinking","Reading Comprehension",33101,#33101,3,Cariboo
"Medical laboratory assistants and related technical occupations",40,20.5,28,31,47732.9706718332,"Realistic, Investigative, Conventional","Active Listening, Critical Thinking, Reading Comprehension","Active Listening","Critical Thinking","Reading Comprehension",33101,#33101,3,Northeast
"Nurse aides, orderlies and patient service associates",20200,22.37,27.89,29.83,49755.6880585184,"Social, Realistic, Conventional","Service Orientation, Social Perceptiveness, Active Listening","Service Orientation","Social Perceptiveness","Active Listening",33102,#33102,3,"British Columbia"
"Nurse aides, orderlies and patient service associates",11410,22.37,27.89,29.83,49755.6880585184,"Social, Realistic, Conventional","Service Orientation, Social Perceptiveness, Active Listening","Service Orientation","Social Perceptiveness","Active Listening",33102,#33102,3,Mainland/Southwest
"Nurse aides, orderlies and patient service associates",4590,22.37,27.89,29.83,49755.6880585184,"Social, Realistic, Conventional","Service Orientation, Social Perceptiveness, Active Listening","Service Orientation","Social Perceptiveness","Active Listening",33102,#33102,3,"Vancouver Island/Coast"
"Nurse aides, orderlies and patient service associates",2330,22.37,27.89,29.83,49755.6880585184,"Social, Realistic, Conventional","Service Orientation, Social Perceptiveness, Active Listening","Service Orientation","Social Perceptiveness","Active Listening",33102,#33102,3,Thompson-Okanagan
"Nurse aides, orderlies and patient service associates",790,22.37,27.89,29.83,49755.6880585184,"Social, Realistic, Conventional","Service Orientation, Social Perceptiveness, Active Listening","Service Orientation","Social Perceptiveness","Active Listening",33102,#33102,3,Kootenay
"Nurse aides, orderlies and patient service associates",650,22.37,27.89,29.83,49755.6880585184,"Social, Realistic, Conventional","Service Orientation, Social Perceptiveness, Active Listening","Service Orientation","Social Perceptiveness","Active Listening",33102,#33102,3,Cariboo
"Nurse aides, orderlies and patient service associates",220,22.37,27.89,29.83,49755.6880585184,"Social, Realistic, Conventional","Service Orientation, Social Perceptiveness, Active Listening","Service Orientation","Social Perceptiveness","Active Listening",33102,#33102,3,"North Coast and Nechako"
"Nurse aides, orderlies and patient service associates",210,22.37,27.89,29.83,49755.6880585184,"Social, Realistic, Conventional","Service Orientation, Social Perceptiveness, Active Listening","Service Orientation","Social Perceptiveness","Active Listening",33102,#33102,3,Northeast
"Pharmacy technical assistants and pharmacy assistants",70,17.85,20,26.95,32424.5965220043,"Realistic, Conventional, Social","Active Listening, Speaking, Reading Comprehension","Active Listening",Speaking,"Reading Comprehension",33103,#33103,3,Kootenay
"Other assisting occupations in support of health services",2560,18,25,29.07,42752.2046075401,"Social, Realistic, Conventional","Active Listening, Speaking, Social Perceptiveness","Active Listening",Speaking,"Social Perceptiveness",33109,#33109,3,"British Columbia"
"Other assisting occupations in support of health services",320,18,25,29.07,42752.2046075401,"Social, Realistic, Conventional","Active Listening, Speaking, Social Perceptiveness","Active Listening",Speaking,"Social Perceptiveness",33109,#33109,3,Thompson-Okanagan
"Other assisting occupations in support of health services",90,18,25,29.07,42752.2046075401,"Social, Realistic, Conventional","Active Listening, Speaking, Social Perceptiveness","Active Listening",Speaking,"Social Perceptiveness",33109,#33109,3,Kootenay
"Other assisting occupations in support of health services",120,18,25,29.07,42752.2046075401,"Social, Realistic, Conventional","Active Listening, Speaking, Social Perceptiveness","Active Listening",Speaking,"Social Perceptiveness",33109,#33109,3,Cariboo
"Government managers - economic analysis, policy development and program administration",680,49.74,60.51,76.92,118233.313731393,"Enterprising, Conventional, Social","Active Listening, Reading Comprehension, Time Management","Active Listening","Reading Comprehension","Time Management",40011,#40011,0,"British Columbia"
"Government managers - economic analysis, policy development and program administration",310,49.74,60.51,76.92,118233.313731393,"Enterprising, Conventional, Social","Active Listening, Reading Comprehension, Time Management","Active Listening","Reading Comprehension","Time Management",40011,#40011,0,Mainland/Southwest
"Government managers - economic analysis, policy development and program administration",210,49.74,60.51,76.92,118233.313731393,"Enterprising, Conventional, Social","Active Listening, Reading Comprehension, Time Management","Active Listening","Reading Comprehension","Time Management",40011,#40011,0,"Vancouver Island/Coast"
"Government managers - economic analysis, policy development and program administration",80,49.74,60.51,76.92,118233.313731393,"Enterprising, Conventional, Social","Active Listening, Reading Comprehension, Time Management","Active Listening","Reading Comprehension","Time Management",40011,#40011,0,Thompson-Okanagan
"Government managers - economic analysis, policy development and program administration",30,49.74,60.51,76.92,118233.313731393,"Enterprising, Conventional, Social","Active Listening, Reading Comprehension, Time Management","Active Listening","Reading Comprehension","Time Management",40011,#40011,0,Cariboo
"Other managers in public administration",260,36.92,60.1,78.02,117408.729744194,"Enterprising, Conventional, Investigative","Service Orientation, Speaking, Complex Problem Solving","Service Orientation",Speaking,"Complex Problem Solving",40019,#40019,0,"British Columbia"
"Other managers in public administration",60,36.92,60.1,78.02,117408.729744194,"Enterprising, Conventional, Investigative","Service Orientation, Speaking, Complex Problem Solving","Service Orientation",Speaking,"Complex Problem Solving",40019,#40019,0,Mainland/Southwest
"Other managers in public administration",110,36.92,60.1,78.02,117408.729744194,"Enterprising, Conventional, Investigative","Service Orientation, Speaking, Complex Problem Solving","Service Orientation",Speaking,"Complex Problem Solving",40019,#40019,0,"Vancouver Island/Coast"
"Other managers in public administration",50,36.92,60.1,78.02,117408.729744194,"Enterprising, Conventional, Investigative","Service Orientation, Speaking, Complex Problem Solving","Service Orientation",Speaking,"Complex Problem Solving",40019,#40019,0,Thompson-Okanagan
"Administrators - post-secondary education and vocational training",1660,44.71,61.7,105.77,118605.611440948,"Social, Enterprising, Conventional","Reading Comprehension, Critical Thinking, Active Listening","Reading Comprehension","Critical Thinking","Active Listening",40020,#40020,0,"British Columbia"
"Administrators - post-secondary education and vocational training",1070,44.71,61.7,105.77,118605.611440948,"Social, Enterprising, Conventional","Reading Comprehension, Critical Thinking, Active Listening","Reading Comprehension","Critical Thinking","Active Listening",40020,#40020,0,Mainland/Southwest
"Administrators - post-secondary education and vocational training",320,44.71,61.7,105.77,118605.611440948,"Social, Enterprising, Conventional","Reading Comprehension, Critical Thinking, Active Listening","Reading Comprehension","Critical Thinking","Active Listening",40020,#40020,0,"Vancouver Island/Coast"
"Administrators - post-secondary education and vocational training",170,44.71,61.7,105.77,118605.611440948,"Social, Enterprising, Conventional","Reading Comprehension, Critical Thinking, Active Listening","Reading Comprehension","Critical Thinking","Active Listening",40020,#40020,0,Thompson-Okanagan
"Administrators - post-secondary education and vocational training",30,44.71,61.7,105.77,118605.611440948,"Social, Enterprising, Conventional","Reading Comprehension, Critical Thinking, Active Listening","Reading Comprehension","Critical Thinking","Active Listening",40020,#40020,0,Kootenay
"Administrators - post-secondary education and vocational training",30,44.71,61.7,105.77,118605.611440948,"Social, Enterprising, Conventional","Reading Comprehension, Critical Thinking, Active Listening","Reading Comprehension","Critical Thinking","Active Listening",40020,#40020,0,Cariboo
"Administrators - post-secondary education and vocational training",30,44.71,61.7,105.77,118605.611440948,"Social, Enterprising, Conventional","Reading Comprehension, Critical Thinking, Active Listening","Reading Comprehension","Critical Thinking","Active Listening",40020,#40020,0,Northeast
"School principals and administrators of elementary and secondary education",2240,30.77,57.21,90.38,121965.242719358,"Social, Enterprising, Conventional","Speaking, Active Listening, Judgment and Decision Making",Speaking,"Active Listening","Judgment and Decision Making",40021,#40021,0,"British Columbia"
"School principals and administrators of elementary and secondary education",1170,30.77,57.21,90.38,121965.242719358,"Social, Enterprising, Conventional","Speaking, Active Listening, Judgment and Decision Making",Speaking,"Active Listening","Judgment and Decision Making",40021,#40021,0,Mainland/Southwest
"School principals and administrators of elementary and secondary education",540,30.77,57.21,90.38,121965.242719358,"Social, Enterprising, Conventional","Speaking, Active Listening, Judgment and Decision Making",Speaking,"Active Listening","Judgment and Decision Making",40021,#40021,0,"Vancouver Island/Coast"
"School principals and administrators of elementary and secondary education",260,30.77,57.21,90.38,121965.242719358,"Social, Enterprising, Conventional","Speaking, Active Listening, Judgment and Decision Making",Speaking,"Active Listening","Judgment and Decision Making",40021,#40021,0,Thompson-Okanagan
"School principals and administrators of elementary and secondary education",110,30.77,57.21,90.38,121965.242719358,"Social, Enterprising, Conventional","Speaking, Active Listening, Judgment and Decision Making",Speaking,"Active Listening","Judgment and Decision Making",40021,#40021,0,Kootenay
"School principals and administrators of elementary and secondary education",80,30.77,57.21,90.38,121965.242719358,"Social, Enterprising, Conventional","Speaking, Active Listening, Judgment and Decision Making",Speaking,"Active Listening","Judgment and Decision Making",40021,#40021,0,Cariboo
"School principals and administrators of elementary and secondary education",50,30.77,57.21,90.38,121965.242719358,"Social, Enterprising, Conventional","Speaking, Active Listening, Judgment and Decision Making",Speaking,"Active Listening","Judgment and Decision Making",40021,#40021,0,"North Coast and Nechako"
"School principals and administrators of elementary and secondary education",40,30.77,57.21,90.38,121965.242719358,"Social, Enterprising, Conventional","Speaking, Active Listening, Judgment and Decision Making",Speaking,"Active Listening","Judgment and Decision Making",40021,#40021,0,Northeast
"Managers in social, community and correctional services",2880,26.92,45.67,65.93,90574.721751556,"Social, Enterprising, Conventional","Active Listening, Social Perceptiveness, Critical Thinking","Active Listening","Social Perceptiveness","Critical Thinking",40030,#40030,0,"British Columbia"
"Managers in social, community and correctional services",1750,26.92,45.67,65.93,90574.721751556,"Social, Enterprising, Conventional","Active Listening, Social Perceptiveness, Critical Thinking","Active Listening","Social Perceptiveness","Critical Thinking",40030,#40030,0,Mainland/Southwest
"Managers in social, community and correctional services",580,26.92,45.67,65.93,90574.721751556,"Social, Enterprising, Conventional","Active Listening, Social Perceptiveness, Critical Thinking","Active Listening","Social Perceptiveness","Critical Thinking",40030,#40030,0,"Vancouver Island/Coast"
"Managers in social, community and correctional services",350,26.92,45.67,65.93,90574.721751556,"Social, Enterprising, Conventional","Active Listening, Social Perceptiveness, Critical Thinking","Active Listening","Social Perceptiveness","Critical Thinking",40030,#40030,0,Thompson-Okanagan
"Managers in social, community and correctional services",60,26.92,45.67,65.93,90574.721751556,"Social, Enterprising, Conventional","Active Listening, Social Perceptiveness, Critical Thinking","Active Listening","Social Perceptiveness","Critical Thinking",40030,#40030,0,Kootenay
"Managers in social, community and correctional services",80,26.92,45.67,65.93,90574.721751556,"Social, Enterprising, Conventional","Active Listening, Social Perceptiveness, Critical Thinking","Active Listening","Social Perceptiveness","Critical Thinking",40030,#40030,0,Cariboo
"Managers in social, community and correctional services",50,26.92,45.67,65.93,90574.721751556,"Social, Enterprising, Conventional","Active Listening, Social Perceptiveness, Critical Thinking","Active Listening","Social Perceptiveness","Critical Thinking",40030,#40030,0,"North Coast and Nechako"
"Commissioned police officers and related occupations in public protection services",90,43.18,68.08,104.51,141469.9847,"Enterprising, Conventional, Social","Active Listening, Critical Thinking, Management of Personnel Resources","Active Listening","Critical Thinking","Management of Personnel Resources",40040,#40040,0,"British Columbia"
"Commissioned police officers and related occupations in public protection services",30,43.18,68.08,104.51,141469.9847,"Enterprising, Conventional, Social","Active Listening, Critical Thinking, Management of Personnel Resources","Active Listening","Critical Thinking","Management of Personnel Resources",40040,#40040,0,"Vancouver Island/Coast"
"Fire chiefs and senior firefighting officers",390,43.77,67.53,92.49,141184.078771801,"Realistic, Conventional, Investigative","Active Listening, Critical Thinking, Speaking","Active Listening","Critical Thinking",Speaking,40041,#40041,0,"British Columbia"
"Fire chiefs and senior firefighting officers",110,43.77,67.53,92.49,141184.078771801,"Realistic, Conventional, Investigative","Active Listening, Critical Thinking, Speaking","Active Listening","Critical Thinking",Speaking,40041,#40041,0,Mainland/Southwest
"Fire chiefs and senior firefighting officers",120,43.77,67.53,92.49,141184.078771801,"Realistic, Conventional, Investigative","Active Listening, Critical Thinking, Speaking","Active Listening","Critical Thinking",Speaking,40041,#40041,0,"Vancouver Island/Coast"
"Fire chiefs and senior firefighting officers",80,43.77,67.53,92.49,141184.078771801,"Realistic, Conventional, Investigative","Active Listening, Critical Thinking, Speaking","Active Listening","Critical Thinking",Speaking,40041,#40041,0,Thompson-Okanagan
"Fire chiefs and senior firefighting officers",50,43.77,67.53,92.49,141184.078771801,"Realistic, Conventional, Investigative","Active Listening, Critical Thinking, Speaking","Active Listening","Critical Thinking",Speaking,40041,#40041,0,Kootenay
"Commissioned officers of the Canadian Armed Forces",360,35.4,52.86,74.51,91000,"Enterprising, Conventional, Social","Active Listening, Monitoring, Reading Comprehension","Active Listening",Monitoring,"Reading Comprehension",40042,#40042,0,"Vancouver Island/Coast"
Judges,100,369360.26,369360.26,414900,369360.26,"Enterprising, Conventional, Social","Active Listening, Critical Thinking, Judgment and Decision Making","Active Listening","Critical Thinking","Judgment and Decision Making",41100,#41100,1,"British Columbia"
Judges,70,369360.26,369360.26,414900,369360.26,"Enterprising, Conventional, Social","Active Listening, Critical Thinking, Judgment and Decision Making","Active Listening","Critical Thinking","Judgment and Decision Making",41100,#41100,1,Mainland/Southwest
"Lawyers and Quebec notaries",4700,37.98,65,107.69,138801.681199835,"Enterprising, Conventional, Investigative","Speaking, Active Listening, Critical Thinking",Speaking,"Active Listening","Critical Thinking",41101,#41101,1,"British Columbia"
"Lawyers and Quebec notaries",3390,37.98,65,107.69,138801.681199835,"Enterprising, Conventional, Investigative","Speaking, Active Listening, Critical Thinking",Speaking,"Active Listening","Critical Thinking",41101,#41101,1,Mainland/Southwest
"Lawyers and Quebec notaries",950,37.98,65,107.69,138801.681199835,"Enterprising, Conventional, Investigative","Speaking, Active Listening, Critical Thinking",Speaking,"Active Listening","Critical Thinking",41101,#41101,1,"Vancouver Island/Coast"
"Lawyers and Quebec notaries",280,37.98,65,107.69,138801.681199835,"Enterprising, Conventional, Investigative","Speaking, Active Listening, Critical Thinking",Speaking,"Active Listening","Critical Thinking",41101,#41101,1,Thompson-Okanagan
"Lawyers and Quebec notaries",50,37.98,65,107.69,138801.681199835,"Enterprising, Conventional, Investigative","Speaking, Active Listening, Critical Thinking",Speaking,"Active Listening","Critical Thinking",41101,#41101,1,Kootenay
"Lawyers and Quebec notaries",20,37.98,65,107.69,138801.681199835,"Enterprising, Conventional, Investigative","Speaking, Active Listening, Critical Thinking",Speaking,"Active Listening","Critical Thinking",41101,#41101,1,Cariboo
"University professors and lecturers",4870,32.69,55.81,87.02,104761.586968281,"Social, Investigative, Conventional","Speaking, Instructing, Reading Comprehension",Speaking,Instructing,"Reading Comprehension",41200,#41200,1,"British Columbia"
"University professors and lecturers",1190,32.69,55.81,87.02,104761.586968281,"Social, Investigative, Conventional","Speaking, Instructing, Reading Comprehension",Speaking,Instructing,"Reading Comprehension",41200,#41200,1,"Vancouver Island/Coast"
"University professors and lecturers",90,32.69,55.81,87.02,104761.586968281,"Social, Investigative, Conventional","Speaking, Instructing, Reading Comprehension",Speaking,Instructing,"Reading Comprehension",41200,#41200,1,Kootenay
"University professors and lecturers",140,32.69,55.81,87.02,104761.586968281,"Social, Investigative, Conventional","Speaking, Instructing, Reading Comprehension",Speaking,Instructing,"Reading Comprehension",41200,#41200,1,Cariboo
"Post-secondary teaching and research assistants",110,17.85,25.64,40.87,39533.5419236091,"Social, Conventional, Investigative","Reading Comprehension, Active Listening, Speaking","Reading Comprehension","Active Listening",Speaking,41201,#41201,1,"North Coast and Nechako"
"College and other vocational instructors",950,23.08,41.03,67.31,65129.8708678072,"Social, Investigative, Artistic","Speaking, Instructing, Reading Comprehension",Speaking,Instructing,"Reading Comprehension",41210,#41210,1,"Vancouver Island/Coast"
"College and other vocational instructors",480,23.08,41.03,67.31,65129.8708678072,"Social, Investigative, Artistic","Speaking, Instructing, Reading Comprehension",Speaking,Instructing,"Reading Comprehension",41210,#41210,1,Thompson-Okanagan
"College and other vocational instructors",240,23.08,41.03,67.31,65129.8708678072,"Social, Investigative, Artistic","Speaking, Instructing, Reading Comprehension",Speaking,Instructing,"Reading Comprehension",41210,#41210,1,Kootenay
"College and other vocational instructors",130,23.08,41.03,67.31,65129.8708678072,"Social, Investigative, Artistic","Speaking, Instructing, Reading Comprehension",Speaking,Instructing,"Reading Comprehension",41210,#41210,1,Northeast
"Secondary school teachers",50,28.85,44.33,60.18,82611.7541434381,"Social, Conventional, Artistic","Instructing, Learning Strategies, Reading Comprehension",Instructing,"Learning Strategies","Reading Comprehension",41220,#41220,1,Northeast
"Elementary school and kindergarten teachers",170,28.85,43.27,57.69,77755.7226514597,"Social, Artistic, Conventional","Instructing, Speaking, Learning Strategies",Instructing,Speaking,"Learning Strategies",41221,#41221,1,"North Coast and Nechako"
"Elementary school and kindergarten teachers",240,28.85,43.27,57.69,77755.7226514597,"Social, Artistic, Conventional","Instructing, Speaking, Learning Strategies",Instructing,Speaking,"Learning Strategies",41221,#41221,1,Northeast
"Social workers",3250,26.18,36.81,52,68437.7716292122,"Social, Investigative, Conventional","Active Listening, Speaking, Social Perceptiveness","Active Listening",Speaking,"Social Perceptiveness",41300,#41300,1,"British Columbia"
"Social workers",1730,26.18,36.81,52,68437.7716292122,"Social, Investigative, Conventional","Active Listening, Speaking, Social Perceptiveness","Active Listening",Speaking,"Social Perceptiveness",41300,#41300,1,Mainland/Southwest
"Social workers",680,26.18,36.81,52,68437.7716292122,"Social, Investigative, Conventional","Active Listening, Speaking, Social Perceptiveness","Active Listening",Speaking,"Social Perceptiveness",41300,#41300,1,"Vancouver Island/Coast"
"Social workers",480,26.18,36.81,52,68437.7716292122,"Social, Investigative, Conventional","Active Listening, Speaking, Social Perceptiveness","Active Listening",Speaking,"Social Perceptiveness",41300,#41300,1,Thompson-Okanagan
"Social workers",100,26.18,36.81,52,68437.7716292122,"Social, Investigative, Conventional","Active Listening, Speaking, Social Perceptiveness","Active Listening",Speaking,"Social Perceptiveness",41300,#41300,1,Kootenay
"Social workers",140,26.18,36.81,52,68437.7716292122,"Social, Investigative, Conventional","Active Listening, Speaking, Social Perceptiveness","Active Listening",Speaking,"Social Perceptiveness",41300,#41300,1,Cariboo
"Social workers",60,26.18,36.81,52,68437.7716292122,"Social, Investigative, Conventional","Active Listening, Speaking, Social Perceptiveness","Active Listening",Speaking,"Social Perceptiveness",41300,#41300,1,"North Coast and Nechako"
"Social workers",40,26.18,36.81,52,68437.7716292122,"Social, Investigative, Conventional","Active Listening, Speaking, Social Perceptiveness","Active Listening",Speaking,"Social Perceptiveness",41300,#41300,1,Northeast
"Therapists in counselling and related specialized therapies",3730,25,39.5,51.15,53590.0927352994,"Social, Investigative, Conventional","Active Listening, Reading Comprehension, Social Perceptiveness","Active Listening","Reading Comprehension","Social Perceptiveness",41301,#41301,1,"British Columbia"
"Therapists in counselling and related specialized therapies",2050,25,39.5,51.15,53590.0927352994,"Social, Investigative, Conventional","Active Listening, Reading Comprehension, Social Perceptiveness","Active Listening","Reading Comprehension","Social Perceptiveness",41301,#41301,1,Mainland/Southwest
"Therapists in counselling and related specialized therapies",1040,25,39.5,51.15,53590.0927352994,"Social, Investigative, Conventional","Active Listening, Reading Comprehension, Social Perceptiveness","Active Listening","Reading Comprehension","Social Perceptiveness",41301,#41301,1,"Vancouver Island/Coast"
"Therapists in counselling and related specialized therapies",390,25,39.5,51.15,53590.0927352994,"Social, Investigative, Conventional","Active Listening, Reading Comprehension, Social Perceptiveness","Active Listening","Reading Comprehension","Social Perceptiveness",41301,#41301,1,Thompson-Okanagan
"Therapists in counselling and related specialized therapies",90,25,39.5,51.15,53590.0927352994,"Social, Investigative, Conventional","Active Listening, Reading Comprehension, Social Perceptiveness","Active Listening","Reading Comprehension","Social Perceptiveness",41301,#41301,1,Kootenay
"Therapists in counselling and related specialized therapies",90,25,39.5,51.15,53590.0927352994,"Social, Investigative, Conventional","Active Listening, Reading Comprehension, Social Perceptiveness","Active Listening","Reading Comprehension","Social Perceptiveness",41301,#41301,1,Cariboo
"Therapists in counselling and related specialized therapies",40,25,39.5,51.15,53590.0927352994,"Social, Investigative, Conventional","Active Listening, Reading Comprehension, Social Perceptiveness","Active Listening","Reading Comprehension","Social Perceptiveness",41301,#41301,1,"North Coast and Nechako"
"Therapists in counselling and related specialized therapies",30,25,39.5,51.15,53590.0927352994,"Social, Investigative, Conventional","Active Listening, Reading Comprehension, Social Perceptiveness","Active Listening","Reading Comprehension","Social Perceptiveness",41301,#41301,1,Northeast
"Religious leaders",230,17.85,30,39.42,53090.4546870924,"Social, Enterprising, Artistic","Speaking, Active Listening, Social Perceptiveness",Speaking,"Active Listening","Social Perceptiveness",41302,#41302,1,Thompson-Okanagan
"Religious leaders",60,17.85,30,39.42,53090.4546870924,"Social, Enterprising, Artistic","Speaking, Active Listening, Social Perceptiveness",Speaking,"Active Listening","Social Perceptiveness",41302,#41302,1,Kootenay
"Religious leaders",80,17.85,30,39.42,53090.4546870924,"Social, Enterprising, Artistic","Speaking, Active Listening, Social Perceptiveness",Speaking,"Active Listening","Social Perceptiveness",41302,#41302,1,Cariboo
"Religious leaders",40,17.85,30,39.42,53090.4546870924,"Social, Enterprising, Artistic","Speaking, Active Listening, Social Perceptiveness",Speaking,"Active Listening","Social Perceptiveness",41302,#41302,1,Northeast
"Police investigators and other investigative occupations",90,42.26,58,85.58,119713.859452381,"Investigative, Social, Conventional","Active Listening, Critical Thinking, Speaking","Active Listening","Critical Thinking",Speaking,41310,#41310,1,Mainland/Southwest
"Police investigators and other investigative occupations",30,42.26,58,85.58,119713.859452381,"Investigative, Social, Conventional","Active Listening, Critical Thinking, Speaking","Active Listening","Critical Thinking",Speaking,41310,#41310,1,"Vancouver Island/Coast"
"Educational counsellors",430,23,37.69,51.32,64534.9417928212,"Social, Conventional, Enterprising","Active Listening, Social Perceptiveness, Speaking","Active Listening","Social Perceptiveness",Speaking,41320,#41320,1,"Vancouver Island/Coast"
"Educational counsellors",180,23,37.69,51.32,64534.9417928212,"Social, Conventional, Enterprising","Active Listening, Social Perceptiveness, Speaking","Active Listening","Social Perceptiveness",Speaking,41320,#41320,1,Thompson-Okanagan
"Educational counsellors",30,23,37.69,51.32,64534.9417928212,"Social, Conventional, Enterprising","Active Listening, Social Perceptiveness, Speaking","Active Listening","Social Perceptiveness",Speaking,41320,#41320,1,Kootenay
"Educational counsellors",50,23,37.69,51.32,64534.9417928212,"Social, Conventional, Enterprising","Active Listening, Social Perceptiveness, Speaking","Active Listening","Social Perceptiveness",Speaking,41320,#41320,1,Cariboo
"Educational counsellors",20,23,37.69,51.32,64534.9417928212,"Social, Conventional, Enterprising","Active Listening, Social Perceptiveness, Speaking","Active Listening","Social Perceptiveness",Speaking,41320,#41320,1,Northeast
"Career development practitioners and career counsellors (except education)",30,25,29.3,41.83,53821.1903007828,"Social, Investigative, Conventional","Active Listening, Social Perceptiveness, Speaking","Active Listening","Social Perceptiveness",Speaking,41321,#41321,1,Kootenay
"Career development practitioners and career counsellors (except education)",30,25,29.3,41.83,53821.1903007828,"Social, Investigative, Conventional","Active Listening, Social Perceptiveness, Speaking","Active Listening","Social Perceptiveness",Speaking,41321,#41321,1,Cariboo
"Natural and applied science policy researchers, consultants and program officers",240,30,39.49,55,73366.4798780377,"Investigative, Conventional, Enterprising","Reading Comprehension, Active Listening, Speaking","Reading Comprehension","Active Listening",Speaking,41400,#41400,1,Thompson-Okanagan
"Natural and applied science policy researchers, consultants and program officers",30,30,39.49,55,73366.4798780377,"Investigative, Conventional, Enterprising","Reading Comprehension, Active Listening, Speaking","Reading Comprehension","Active Listening",Speaking,41400,#41400,1,Cariboo
"Natural and applied science policy researchers, consultants and program officers",70,30,39.49,55,73366.4798780377,"Investigative, Conventional, Enterprising","Reading Comprehension, Active Listening, Speaking","Reading Comprehension","Active Listening",Speaking,41400,#41400,1,"North Coast and Nechako"
"Social policy researchers, consultants and program officers",30,27.47,41.83,57.69,76081.0533776817,"Investigative, Conventional, Enterprising","Active Listening, Speaking, Reading Comprehension","Active Listening",Speaking,"Reading Comprehension",41403,#41403,1,Cariboo
"Health policy researchers, consultants and program officers",160,28.24,41.03,60,73899.4929861042,"Social, Investigative, Conventional","Active Listening, Speaking, Writing","Active Listening",Speaking,Writing,41404,#41404,1,Thompson-Okanagan
"Health policy researchers, consultants and program officers",30,28.24,41.03,60,73899.4929861042,"Social, Investigative, Conventional","Active Listening, Speaking, Writing","Active Listening",Speaking,Writing,41404,#41404,1,Kootenay
"Health policy researchers, consultants and program officers",100,28.24,41.03,60,73899.4929861042,"Social, Investigative, Conventional","Active Listening, Speaking, Writing","Active Listening",Speaking,Writing,41404,#41404,1,Cariboo
"Education policy researchers, consultants and program officers",60,24.1,40.51,58,70593.2668490899,"Social, Enterprising, Investigative","Learning Strategies, Instructing, Speaking","Learning Strategies",Instructing,Speaking,41405,#41405,1,"North Coast and Nechako"
"Recreation, sports and fitness policy researchers, consultants and program officers",160,22.84,31.49,48.08,59778.534706611,"Enterprising, Social, Conventional","Speaking, Coordination, Active Listening",Speaking,Coordination,"Active Listening",41406,#41406,1,"Vancouver Island/Coast"
"Police officers (except commissioned)",3240,35,54,70.67,117391.269172557,"Conventional, Realistic, Investigative","Active Listening, Speaking, Critical Thinking","Active Listening",Speaking,"Critical Thinking",42100,#42100,2,"British Columbia"
"Police officers (except commissioned)",1840,35,54,70.67,117391.269172557,"Conventional, Realistic, Investigative","Active Listening, Speaking, Critical Thinking","Active Listening",Speaking,"Critical Thinking",42100,#42100,2,Mainland/Southwest
"Police officers (except commissioned)",720,35,54,70.67,117391.269172557,"Conventional, Realistic, Investigative","Active Listening, Speaking, Critical Thinking","Active Listening",Speaking,"Critical Thinking",42100,#42100,2,"Vancouver Island/Coast"
"Police officers (except commissioned)",380,35,54,70.67,117391.269172557,"Conventional, Realistic, Investigative","Active Listening, Speaking, Critical Thinking","Active Listening",Speaking,"Critical Thinking",42100,#42100,2,Thompson-Okanagan
"Police officers (except commissioned)",40,35,54,70.67,117391.269172557,"Conventional, Realistic, Investigative","Active Listening, Speaking, Critical Thinking","Active Listening",Speaking,"Critical Thinking",42100,#42100,2,Kootenay
"Police officers (except commissioned)",130,35,54,70.67,117391.269172557,"Conventional, Realistic, Investigative","Active Listening, Speaking, Critical Thinking","Active Listening",Speaking,"Critical Thinking",42100,#42100,2,Cariboo
"Police officers (except commissioned)",90,35,54,70.67,117391.269172557,"Conventional, Realistic, Investigative","Active Listening, Speaking, Critical Thinking","Active Listening",Speaking,"Critical Thinking",42100,#42100,2,"North Coast and Nechako"
"Police officers (except commissioned)",40,35,54,70.67,117391.269172557,"Conventional, Realistic, Investigative","Active Listening, Speaking, Critical Thinking","Active Listening",Speaking,"Critical Thinking",42100,#42100,2,Northeast
Firefighters,1890,36,50,62,111517.781919834,"Realistic, Enterprising, Conventional","Critical Thinking, Active Listening, Service Orientation","Critical Thinking","Active Listening","Service Orientation",42101,#42101,2,"British Columbia"
Firefighters,1090,36,50,62,111517.781919834,"Realistic, Enterprising, Conventional","Critical Thinking, Active Listening, Service Orientation","Critical Thinking","Active Listening","Service Orientation",42101,#42101,2,Mainland/Southwest
Firefighters,390,36,50,62,111517.781919834,"Realistic, Enterprising, Conventional","Critical Thinking, Active Listening, Service Orientation","Critical Thinking","Active Listening","Service Orientation",42101,#42101,2,"Vancouver Island/Coast"
Firefighters,280,36,50,62,111517.781919834,"Realistic, Enterprising, Conventional","Critical Thinking, Active Listening, Service Orientation","Critical Thinking","Active Listening","Service Orientation",42101,#42101,2,Thompson-Okanagan
Firefighters,60,36,50,62,111517.781919834,"Realistic, Enterprising, Conventional","Critical Thinking, Active Listening, Service Orientation","Critical Thinking","Active Listening","Service Orientation",42101,#42101,2,Kootenay
Firefighters,30,36,50,62,111517.781919834,"Realistic, Enterprising, Conventional","Critical Thinking, Active Listening, Service Orientation","Critical Thinking","Active Listening","Service Orientation",42101,#42101,2,"North Coast and Nechako"
"Social and community service workers",500,21,27,35,44911.0652792439,"Social, Conventional, Enterprising","Speaking, Active Listening, Social Perceptiveness",Speaking,"Active Listening","Social Perceptiveness",42201,#42201,2,Cariboo
"Social and community service workers",230,21,27,35,44911.0652792439,"Social, Conventional, Enterprising","Speaking, Active Listening, Social Perceptiveness",Speaking,"Active Listening","Social Perceptiveness",42201,#42201,2,"North Coast and Nechako"
"Social and community service workers",160,21,27,35,44911.0652792439,"Social, Conventional, Enterprising","Speaking, Active Listening, Social Perceptiveness",Speaking,"Active Listening","Social Perceptiveness",42201,#42201,2,Northeast
"Early childhood educators and assistants",330,19,24,30,43060.5642173734,"Social, Conventional, Artistic","Speaking, Active Listening, Social Perceptiveness",Speaking,"Active Listening","Social Perceptiveness",42202,#42202,2,"North Coast and Nechako"
"Early childhood educators and assistants",120,19,24,30,43060.5642173734,"Social, Conventional, Artistic","Speaking, Active Listening, Social Perceptiveness",Speaking,"Active Listening","Social Perceptiveness",42202,#42202,2,Northeast
"Correctional service officers",670,32,36,48,76965.5346364573,"Conventional, Enterprising, Realistic","Active Listening, Monitoring, Social Perceptiveness","Active Listening",Monitoring,"Social Perceptiveness",43201,#43201,3,"British Columbia"
"Correctional service officers",330,32,36,48,76965.5346364573,"Conventional, Enterprising, Realistic","Active Listening, Monitoring, Social Perceptiveness","Active Listening",Monitoring,"Social Perceptiveness",43201,#43201,3,Mainland/Southwest
"Correctional service officers",140,32,36,48,76965.5346364573,"Conventional, Enterprising, Realistic","Active Listening, Monitoring, Social Perceptiveness","Active Listening",Monitoring,"Social Perceptiveness",43201,#43201,3,"Vancouver Island/Coast"
"Correctional service officers",140,32,36,48,76965.5346364573,"Conventional, Enterprising, Realistic","Active Listening, Monitoring, Social Perceptiveness","Active Listening",Monitoring,"Social Perceptiveness",43201,#43201,3,Thompson-Okanagan
"Correctional service officers",30,32,36,48,76965.5346364573,"Conventional, Enterprising, Realistic","Active Listening, Monitoring, Social Perceptiveness","Active Listening",Monitoring,"Social Perceptiveness",43201,#43201,3,Cariboo
"By-law enforcement and other regulatory officers",520,31,38.6,48,76290.9103053042,"Realistic, Conventional, Investigative","Critical Thinking, Speaking, Active Listening","Critical Thinking",Speaking,"Active Listening",43202,#43202,3,"British Columbia"
"By-law enforcement and other regulatory officers",130,31,38.6,48,76290.9103053042,"Realistic, Conventional, Investigative","Critical Thinking, Speaking, Active Listening","Critical Thinking",Speaking,"Active Listening",43202,#43202,3,"Vancouver Island/Coast"
"By-law enforcement and other regulatory officers",70,31,38.6,48,76290.9103053042,"Realistic, Conventional, Investigative","Critical Thinking, Speaking, Active Listening","Critical Thinking",Speaking,"Active Listening",43202,#43202,3,Thompson-Okanagan
"By-law enforcement and other regulatory officers",30,31,38.6,48,76290.9103053042,"Realistic, Conventional, Investigative","Critical Thinking, Speaking, Active Listening","Critical Thinking",Speaking,"Active Listening",43202,#43202,3,Kootenay
"Operations members of the Canadian Armed Forces",470,29.42,38.12,49.72,83000,N/A,N/A,N/A,N/A,N/A,43204,#43204,3,"Vancouver Island/Coast"
"Managers - publishing, motion pictures, broadcasting and performing arts",30,29.17,44.11,79.53,90255.0668731401,"Enterprising, Conventional, Social","Active Listening, Monitoring, Reading Comprehension","Active Listening",Monitoring,"Reading Comprehension",50011,#50011,0,Kootenay
"Recreation, sports and fitness program and service directors",20,23.08,39.9,107.69,82702.1569334936,"Enterprising, Conventional, Social","Critical Thinking, Management of Personnel Resources, Speaking","Critical Thinking","Management of Personnel Resources",Speaking,50012,#50012,0,Northeast
Editors,80,20,33.33,50,50812.2689925074,"Artistic, Conventional, Enterprising","Reading Comprehension, Writing, Active Listening","Reading Comprehension",Writing,"Active Listening",51110,#51110,1,Thompson-Okanagan
"Authors and writers (except technical)",200,20.75,36.44,68.75,50725.6167513109,"Artistic, Conventional, Investigative","Writing, Reading Comprehension, Speaking",Writing,"Reading Comprehension",Speaking,51111,#51111,1,Thompson-Okanagan
Journalists,60,24.81,38.79,64.31,77339.500273323,"Artistic, Investigative, Enterprising","Speaking, Reading Comprehension, Writing",Speaking,"Reading Comprehension",Writing,51113,#51113,1,"Vancouver Island/Coast"
"Producers, directors, choreographers and related occupations",2760,24.58,41.99,69.53,88565.9733895993,"Artistic, Enterprising, Conventional","Active Listening, Speaking, Critical Thinking","Active Listening",Speaking,"Critical Thinking",51120,#51120,1,"British Columbia"
"Producers, directors, choreographers and related occupations",40,24.58,41.99,69.53,88565.9733895993,"Artistic, Enterprising, Conventional","Active Listening, Speaking, Critical Thinking","Active Listening",Speaking,"Critical Thinking",51120,#51120,1,Kootenay
"Producers, directors, choreographers and related occupations",20,24.58,41.99,69.53,88565.9733895993,"Artistic, Enterprising, Conventional","Active Listening, Speaking, Critical Thinking","Active Listening",Speaking,"Critical Thinking",51120,#51120,1,"North Coast and Nechako"
"Musicians and singers",190,37929,37929,76000,37929,"Artistic, Enterprising, Social","Speaking, Active Listening, Monitoring",Speaking,"Active Listening",Monitoring,51122,#51122,1,Thompson-Okanagan
"Corporate sales managers",5410,35.83,55.65,89.25,116502.312735987,"Enterprising, Conventional, Social","Active Listening, Negotiation, Speaking","Active Listening",Negotiation,Speaking,60010,#60010,0,"British Columbia"
"Corporate sales managers",4130,35.83,55.65,89.25,116502.312735987,"Enterprising, Conventional, Social","Active Listening, Negotiation, Speaking","Active Listening",Negotiation,Speaking,60010,#60010,0,Mainland/Southwest
"Corporate sales managers",620,35.83,55.65,89.25,116502.312735987,"Enterprising, Conventional, Social","Active Listening, Negotiation, Speaking","Active Listening",Negotiation,Speaking,60010,#60010,0,"Vancouver Island/Coast"
"Corporate sales managers",560,35.83,55.65,89.25,116502.312735987,"Enterprising, Conventional, Social","Active Listening, Negotiation, Speaking","Active Listening",Negotiation,Speaking,60010,#60010,0,Thompson-Okanagan
"Corporate sales managers",40,35.83,55.65,89.25,116502.312735987,"Enterprising, Conventional, Social","Active Listening, Negotiation, Speaking","Active Listening",Negotiation,Speaking,60010,#60010,0,Kootenay
"Corporate sales managers",50,35.83,55.65,89.25,116502.312735987,"Enterprising, Conventional, Social","Active Listening, Negotiation, Speaking","Active Listening",Negotiation,Speaking,60010,#60010,0,Cariboo
"Retail and wholesale trade managers",27390,23.75,46.15,86.54,92980.9739820106,"Enterprising, Conventional, Social","Active Listening, Speaking, Monitoring","Active Listening",Speaking,Monitoring,60020,#60020,0,"British Columbia"
"Retail and wholesale trade managers",15930,23.75,46.15,86.54,92980.9739820106,"Enterprising, Conventional, Social","Active Listening, Speaking, Monitoring","Active Listening",Speaking,Monitoring,60020,#60020,0,Mainland/Southwest
"Retail and wholesale trade managers",4800,23.75,46.15,86.54,92980.9739820106,"Enterprising, Conventional, Social","Active Listening, Speaking, Monitoring","Active Listening",Speaking,Monitoring,60020,#60020,0,"Vancouver Island/Coast"
"Retail and wholesale trade managers",4000,23.75,46.15,86.54,92980.9739820106,"Enterprising, Conventional, Social","Active Listening, Speaking, Monitoring","Active Listening",Speaking,Monitoring,60020,#60020,0,Thompson-Okanagan
"Retail and wholesale trade managers",1160,23.75,46.15,86.54,92980.9739820106,"Enterprising, Conventional, Social","Active Listening, Speaking, Monitoring","Active Listening",Speaking,Monitoring,60020,#60020,0,Kootenay
"Retail and wholesale trade managers",810,23.75,46.15,86.54,92980.9739820106,"Enterprising, Conventional, Social","Active Listening, Speaking, Monitoring","Active Listening",Speaking,Monitoring,60020,#60020,0,Cariboo
"Retail and wholesale trade managers",260,23.75,46.15,86.54,92980.9739820106,"Enterprising, Conventional, Social","Active Listening, Speaking, Monitoring","Active Listening",Speaking,Monitoring,60020,#60020,0,"North Coast and Nechako"
"Retail and wholesale trade managers",430,23.75,46.15,86.54,92980.9739820106,"Enterprising, Conventional, Social","Active Listening, Speaking, Monitoring","Active Listening",Speaking,Monitoring,60020,#60020,0,Northeast
"Restaurant and food service managers",9090,18,27.69,52.88,59336.444903355,"Enterprising, Conventional, Realistic","Active Listening, Coordination, Management of Personnel Resources","Active Listening",Coordination,"Management of Personnel Resources",60030,#60030,0,"British Columbia"
"Restaurant and food service managers",5960,18,27.69,52.88,59336.444903355,"Enterprising, Conventional, Realistic","Active Listening, Coordination, Management of Personnel Resources","Active Listening",Coordination,"Management of Personnel Resources",60030,#60030,0,Mainland/Southwest
"Restaurant and food service managers",1100,18,27.69,52.88,59336.444903355,"Enterprising, Conventional, Realistic","Active Listening, Coordination, Management of Personnel Resources","Active Listening",Coordination,"Management of Personnel Resources",60030,#60030,0,Thompson-Okanagan
"Restaurant and food service managers",360,18,27.69,52.88,59336.444903355,"Enterprising, Conventional, Realistic","Active Listening, Coordination, Management of Personnel Resources","Active Listening",Coordination,"Management of Personnel Resources",60030,#60030,0,Kootenay
"Restaurant and food service managers",200,18,27.69,52.88,59336.444903355,"Enterprising, Conventional, Realistic","Active Listening, Coordination, Management of Personnel Resources","Active Listening",Coordination,"Management of Personnel Resources",60030,#60030,0,Cariboo
"Restaurant and food service managers",80,18,27.69,52.88,59336.444903355,"Enterprising, Conventional, Realistic","Active Listening, Coordination, Management of Personnel Resources","Active Listening",Coordination,"Management of Personnel Resources",60030,#60030,0,"North Coast and Nechako"
"Restaurant and food service managers",90,18,27.69,52.88,59336.444903355,"Enterprising, Conventional, Realistic","Active Listening, Coordination, Management of Personnel Resources","Active Listening",Coordination,"Management of Personnel Resources",60030,#60030,0,Northeast
"Accommodation service managers",210,27.1,39.94,67.13,59909.4960642739,"Enterprising, Conventional, Social","Active Listening, Social Perceptiveness, Speaking","Active Listening","Social Perceptiveness",Speaking,60031,#60031,0,Kootenay
"Accommodation service managers",50,27.1,39.94,67.13,59909.4960642739,"Enterprising, Conventional, Social","Active Listening, Social Perceptiveness, Speaking","Active Listening","Social Perceptiveness",Speaking,60031,#60031,0,Cariboo
"Accommodation service managers",80,27.1,39.94,67.13,59909.4960642739,"Enterprising, Conventional, Social","Active Listening, Social Perceptiveness, Speaking","Active Listening","Social Perceptiveness",Speaking,60031,#60031,0,"North Coast and Nechako"
"Accommodation service managers",70,27.1,39.94,67.13,59909.4960642739,"Enterprising, Conventional, Social","Active Listening, Social Perceptiveness, Speaking","Active Listening","Social Perceptiveness",Speaking,60031,#60031,0,Northeast
"Managers in customer and personal services",1960,22.31,37.26,55.9,76055.2405750446,"Enterprising, Social, Conventional","Speaking, Coordination, Service Orientation",Speaking,Coordination,"Service Orientation",60040,#60040,0,"British Columbia"
"Managers in customer and personal services",1040,22.31,37.26,55.9,76055.2405750446,"Enterprising, Social, Conventional","Speaking, Coordination, Service Orientation",Speaking,Coordination,"Service Orientation",60040,#60040,0,Mainland/Southwest
"Managers in customer and personal services",420,22.31,37.26,55.9,76055.2405750446,"Enterprising, Social, Conventional","Speaking, Coordination, Service Orientation",Speaking,Coordination,"Service Orientation",60040,#60040,0,"Vancouver Island/Coast"
"Managers in customer and personal services",340,22.31,37.26,55.9,76055.2405750446,"Enterprising, Social, Conventional","Speaking, Coordination, Service Orientation",Speaking,Coordination,"Service Orientation",60040,#60040,0,Thompson-Okanagan
"Managers in customer and personal services",60,22.31,37.26,55.9,76055.2405750446,"Enterprising, Social, Conventional","Speaking, Coordination, Service Orientation",Speaking,Coordination,"Service Orientation",60040,#60040,0,Kootenay
"Managers in customer and personal services",50,22.31,37.26,55.9,76055.2405750446,"Enterprising, Social, Conventional","Speaking, Coordination, Service Orientation",Speaking,Coordination,"Service Orientation",60040,#60040,0,Cariboo
"Managers in customer and personal services",40,22.31,37.26,55.9,76055.2405750446,"Enterprising, Social, Conventional","Speaking, Coordination, Service Orientation",Speaking,Coordination,"Service Orientation",60040,#60040,0,Northeast
"Retail sales supervisors",150,17.9,24,35,47164.8027723197,"Enterprising, Conventional, Realistic","Active Listening, Speaking, Critical Thinking","Active Listening",Speaking,"Critical Thinking",62010,#62010,2,Kootenay
"Retail sales supervisors",80,17.9,24,35,47164.8027723197,"Enterprising, Conventional, Realistic","Active Listening, Speaking, Critical Thinking","Active Listening",Speaking,"Critical Thinking",62010,#62010,2,Cariboo
"Retail sales supervisors",50,17.9,24,35,47164.8027723197,"Enterprising, Conventional, Realistic","Active Listening, Speaking, Critical Thinking","Active Listening",Speaking,"Critical Thinking",62010,#62010,2,Northeast
"Cleaning supervisors",30,18,25.98,45.67,50847.1275195491,"Enterprising, Conventional, Realistic","Management of Personnel Resources, Coordination, Monitoring","Management of Personnel Resources",Coordination,Monitoring,62024,#62024,2,Kootenay
"Cleaning supervisors",30,18,25.98,45.67,50847.1275195491,"Enterprising, Conventional, Realistic","Management of Personnel Resources, Coordination, Monitoring","Management of Personnel Resources",Coordination,Monitoring,62024,#62024,2,Cariboo
"Technical sales specialists - wholesale trade",3190,25,42.79,65.87,87074.6826393711,"Enterprising, Conventional, Social","Speaking, Active Listening, Persuasion",Speaking,"Active Listening",Persuasion,62100,#62100,2,"British Columbia"
"Technical sales specialists - wholesale trade",2210,25,42.79,65.87,87074.6826393711,"Enterprising, Conventional, Social","Speaking, Active Listening, Persuasion",Speaking,"Active Listening",Persuasion,62100,#62100,2,Mainland/Southwest
"Technical sales specialists - wholesale trade",370,25,42.79,65.87,87074.6826393711,"Enterprising, Conventional, Social","Speaking, Active Listening, Persuasion",Speaking,"Active Listening",Persuasion,62100,#62100,2,"Vancouver Island/Coast"
"Technical sales specialists - wholesale trade",420,25,42.79,65.87,87074.6826393711,"Enterprising, Conventional, Social","Speaking, Active Listening, Persuasion",Speaking,"Active Listening",Persuasion,62100,#62100,2,Thompson-Okanagan
"Technical sales specialists - wholesale trade",40,25,42.79,65.87,87074.6826393711,"Enterprising, Conventional, Social","Speaking, Active Listening, Persuasion",Speaking,"Active Listening",Persuasion,62100,#62100,2,Kootenay
"Technical sales specialists - wholesale trade",100,25,42.79,65.87,87074.6826393711,"Enterprising, Conventional, Social","Speaking, Active Listening, Persuasion",Speaking,"Active Listening",Persuasion,62100,#62100,2,Cariboo
"Technical sales specialists - wholesale trade",30,25,42.79,65.87,87074.6826393711,"Enterprising, Conventional, Social","Speaking, Active Listening, Persuasion",Speaking,"Active Listening",Persuasion,62100,#62100,2,Northeast
"Retail and wholesale buyers",50,20,30.77,47.6,61957.4355825276,"Enterprising, Conventional, Realistic","Negotiation, Critical Thinking, Speaking",Negotiation,"Critical Thinking",Speaking,62101,#62101,2,Kootenay
"Retail and wholesale buyers",40,20,30.77,47.6,61957.4355825276,"Enterprising, Conventional, Realistic","Negotiation, Critical Thinking, Speaking",Negotiation,"Critical Thinking",Speaking,62101,#62101,2,Cariboo
"Insurance agents and brokers",4900,21,30.24,53.37,56584.5954758371,"Enterprising, Conventional, Social","Reading Comprehension, Active Listening, Speaking","Reading Comprehension","Active Listening",Speaking,63100,#63100,3,"British Columbia"
"Insurance agents and brokers",3360,21,30.24,53.37,56584.5954758371,"Enterprising, Conventional, Social","Reading Comprehension, Active Listening, Speaking","Reading Comprehension","Active Listening",Speaking,63100,#63100,3,Mainland/Southwest
"Insurance agents and brokers",630,21,30.24,53.37,56584.5954758371,"Enterprising, Conventional, Social","Reading Comprehension, Active Listening, Speaking","Reading Comprehension","Active Listening",Speaking,63100,#63100,3,"Vancouver Island/Coast"
"Insurance agents and brokers",570,21,30.24,53.37,56584.5954758371,"Enterprising, Conventional, Social","Reading Comprehension, Active Listening, Speaking","Reading Comprehension","Active Listening",Speaking,63100,#63100,3,Thompson-Okanagan
"Insurance agents and brokers",250,21,30.24,53.37,56584.5954758371,"Enterprising, Conventional, Social","Reading Comprehension, Active Listening, Speaking","Reading Comprehension","Active Listening",Speaking,63100,#63100,3,Kootenay
"Insurance agents and brokers",80,21,30.24,53.37,56584.5954758371,"Enterprising, Conventional, Social","Reading Comprehension, Active Listening, Speaking","Reading Comprehension","Active Listening",Speaking,63100,#63100,3,Cariboo
"Real estate agents and salespersons",6980,37929,58400,159000,58400,"Enterprising, Conventional, Social","Active Listening, Speaking, Negotiation","Active Listening",Speaking,Negotiation,63101,#63101,3,"British Columbia"
"Real estate agents and salespersons",5310,37929,58400,159000,58400,"Enterprising, Conventional, Social","Active Listening, Speaking, Negotiation","Active Listening",Speaking,Negotiation,63101,#63101,3,Mainland/Southwest
"Real estate agents and salespersons",840,37929,58400,159000,58400,"Enterprising, Conventional, Social","Active Listening, Speaking, Negotiation","Active Listening",Speaking,Negotiation,63101,#63101,3,"Vancouver Island/Coast"
"Real estate agents and salespersons",660,37929,58400,159000,58400,"Enterprising, Conventional, Social","Active Listening, Speaking, Negotiation","Active Listening",Speaking,Negotiation,63101,#63101,3,Thompson-Okanagan
"Real estate agents and salespersons",120,37929,58400,159000,58400,"Enterprising, Conventional, Social","Active Listening, Speaking, Negotiation","Active Listening",Speaking,Negotiation,63101,#63101,3,Kootenay
"Real estate agents and salespersons",50,37929,58400,159000,58400,"Enterprising, Conventional, Social","Active Listening, Speaking, Negotiation","Active Listening",Speaking,Negotiation,63101,#63101,3,Northeast
"Financial sales representatives",2890,22.5,34.46,52.88,69246.3059636635,"Conventional, Enterprising, Social","Speaking, Active Listening, Reading Comprehension",Speaking,"Active Listening","Reading Comprehension",63102,#63102,3,"British Columbia"
"Financial sales representatives",2100,22.5,34.46,52.88,69246.3059636635,"Conventional, Enterprising, Social","Speaking, Active Listening, Reading Comprehension",Speaking,"Active Listening","Reading Comprehension",63102,#63102,3,Mainland/Southwest
"Financial sales representatives",380,22.5,34.46,52.88,69246.3059636635,"Conventional, Enterprising, Social","Speaking, Active Listening, Reading Comprehension",Speaking,"Active Listening","Reading Comprehension",63102,#63102,3,"Vancouver Island/Coast"
"Financial sales representatives",260,22.5,34.46,52.88,69246.3059636635,"Conventional, Enterprising, Social","Speaking, Active Listening, Reading Comprehension",Speaking,"Active Listening","Reading Comprehension",63102,#63102,3,Thompson-Okanagan
"Financial sales representatives",50,22.5,34.46,52.88,69246.3059636635,"Conventional, Enterprising, Social","Speaking, Active Listening, Reading Comprehension",Speaking,"Active Listening","Reading Comprehension",63102,#63102,3,Kootenay
"Financial sales representatives",50,22.5,34.46,52.88,69246.3059636635,"Conventional, Enterprising, Social","Speaking, Active Listening, Reading Comprehension",Speaking,"Active Listening","Reading Comprehension",63102,#63102,3,Cariboo
"Financial sales representatives",30,22.5,34.46,52.88,69246.3059636635,"Conventional, Enterprising, Social","Speaking, Active Listening, Reading Comprehension",Speaking,"Active Listening","Reading Comprehension",63102,#63102,3,Northeast
"Airline ticket and service agents",30,17.9,22.75,48.08,36533.1535057566,"Conventional, Enterprising, Realistic","Active Listening, Speaking, Reading Comprehension","Active Listening",Speaking,"Reading Comprehension",64312,#64312,4,"North Coast and Nechako"
"Construction managers",10110,31,51.28,75,111671.03246634,"Enterprising, Conventional, Realistic","Judgment and Decision Making, Management of Personnel Resources, Active Listening","Judgment and Decision Making","Management of Personnel Resources","Active Listening",70010,#70010,0,"British Columbia"
"Construction managers",6960,31,51.28,75,111671.03246634,"Enterprising, Conventional, Realistic","Judgment and Decision Making, Management of Personnel Resources, Active Listening","Judgment and Decision Making","Management of Personnel Resources","Active Listening",70010,#70010,0,Mainland/Southwest
"Construction managers",1160,31,51.28,75,111671.03246634,"Enterprising, Conventional, Realistic","Judgment and Decision Making, Management of Personnel Resources, Active Listening","Judgment and Decision Making","Management of Personnel Resources","Active Listening",70010,#70010,0,"Vancouver Island/Coast"
"Construction managers",1310,31,51.28,75,111671.03246634,"Enterprising, Conventional, Realistic","Judgment and Decision Making, Management of Personnel Resources, Active Listening","Judgment and Decision Making","Management of Personnel Resources","Active Listening",70010,#70010,0,Thompson-Okanagan
"Construction managers",240,31,51.28,75,111671.03246634,"Enterprising, Conventional, Realistic","Judgment and Decision Making, Management of Personnel Resources, Active Listening","Judgment and Decision Making","Management of Personnel Resources","Active Listening",70010,#70010,0,Kootenay
"Construction managers",170,31,51.28,75,111671.03246634,"Enterprising, Conventional, Realistic","Judgment and Decision Making, Management of Personnel Resources, Active Listening","Judgment and Decision Making","Management of Personnel Resources","Active Listening",70010,#70010,0,Cariboo
"Construction managers",140,31,51.28,75,111671.03246634,"Enterprising, Conventional, Realistic","Judgment and Decision Making, Management of Personnel Resources, Active Listening","Judgment and Decision Making","Management of Personnel Resources","Active Listening",70010,#70010,0,"North Coast and Nechako"
"Construction managers",140,31,51.28,75,111671.03246634,"Enterprising, Conventional, Realistic","Judgment and Decision Making, Management of Personnel Resources, Active Listening","Judgment and Decision Making","Management of Personnel Resources","Active Listening",70010,#70010,0,Northeast
"Home building and renovation managers",6410,37929,52000,108000,52000,"Enterprising, Conventional, Realistic","Judgment and Decision Making, Management of Personnel Resources, Active Listening","Judgment and Decision Making","Management of Personnel Resources","Active Listening",70011,#70011,0,"British Columbia"
"Home building and renovation managers",4240,37929,52000,108000,52000,"Enterprising, Conventional, Realistic","Judgment and Decision Making, Management of Personnel Resources, Active Listening","Judgment and Decision Making","Management of Personnel Resources","Active Listening",70011,#70011,0,Mainland/Southwest
"Home building and renovation managers",880,37929,52000,108000,52000,"Enterprising, Conventional, Realistic","Judgment and Decision Making, Management of Personnel Resources, Active Listening","Judgment and Decision Making","Management of Personnel Resources","Active Listening",70011,#70011,0,"Vancouver Island/Coast"
"Home building and renovation managers",650,37929,52000,108000,52000,"Enterprising, Conventional, Realistic","Judgment and Decision Making, Management of Personnel Resources, Active Listening","Judgment and Decision Making","Management of Personnel Resources","Active Listening",70011,#70011,0,Thompson-Okanagan
"Home building and renovation managers",260,37929,52000,108000,52000,"Enterprising, Conventional, Realistic","Judgment and Decision Making, Management of Personnel Resources, Active Listening","Judgment and Decision Making","Management of Personnel Resources","Active Listening",70011,#70011,0,Kootenay
"Home building and renovation managers",130,37929,52000,108000,52000,"Enterprising, Conventional, Realistic","Judgment and Decision Making, Management of Personnel Resources, Active Listening","Judgment and Decision Making","Management of Personnel Resources","Active Listening",70011,#70011,0,Cariboo
"Home building and renovation managers",130,37929,52000,108000,52000,"Enterprising, Conventional, Realistic","Judgment and Decision Making, Management of Personnel Resources, Active Listening","Judgment and Decision Making","Management of Personnel Resources","Active Listening",70011,#70011,0,"North Coast and Nechako"
"Home building and renovation managers",120,37929,52000,108000,52000,"Enterprising, Conventional, Realistic","Judgment and Decision Making, Management of Personnel Resources, Active Listening","Judgment and Decision Making","Management of Personnel Resources","Active Listening",70011,#70011,0,Northeast
"Facility operation and maintenance managers",6940,31.25,48.08,72.12,97853.3806232709,"Enterprising, Conventional, Realistic","Speaking, Active Listening, Reading Comprehension",Speaking,"Active Listening","Reading Comprehension",70012,#70012,0,"British Columbia"
"Facility operation and maintenance managers",4370,31.25,48.08,72.12,97853.3806232709,"Enterprising, Conventional, Realistic","Speaking, Active Listening, Reading Comprehension",Speaking,"Active Listening","Reading Comprehension",70012,#70012,0,Mainland/Southwest
"Facility operation and maintenance managers",1160,31.25,48.08,72.12,97853.3806232709,"Enterprising, Conventional, Realistic","Speaking, Active Listening, Reading Comprehension",Speaking,"Active Listening","Reading Comprehension",70012,#70012,0,"Vancouver Island/Coast"
"Facility operation and maintenance managers",960,31.25,48.08,72.12,97853.3806232709,"Enterprising, Conventional, Realistic","Speaking, Active Listening, Reading Comprehension",Speaking,"Active Listening","Reading Comprehension",70012,#70012,0,Thompson-Okanagan
"Facility operation and maintenance managers",220,31.25,48.08,72.12,97853.3806232709,"Enterprising, Conventional, Realistic","Speaking, Active Listening, Reading Comprehension",Speaking,"Active Listening","Reading Comprehension",70012,#70012,0,Kootenay
"Facility operation and maintenance managers",90,31.25,48.08,72.12,97853.3806232709,"Enterprising, Conventional, Realistic","Speaking, Active Listening, Reading Comprehension",Speaking,"Active Listening","Reading Comprehension",70012,#70012,0,Cariboo
"Facility operation and maintenance managers",60,31.25,48.08,72.12,97853.3806232709,"Enterprising, Conventional, Realistic","Speaking, Active Listening, Reading Comprehension",Speaking,"Active Listening","Reading Comprehension",70012,#70012,0,"North Coast and Nechako"
"Facility operation and maintenance managers",90,31.25,48.08,72.12,97853.3806232709,"Enterprising, Conventional, Realistic","Speaking, Active Listening, Reading Comprehension",Speaking,"Active Listening","Reading Comprehension",70012,#70012,0,Northeast
"Managers in transportation",2680,33.65,57.69,77.56,120716.565880676,"Enterprising, Conventional, Realistic","Active Listening, Reading Comprehension, Coordination","Active Listening","Reading Comprehension",Coordination,70020,#70020,0,"British Columbia"
"Managers in transportation",1910,33.65,57.69,77.56,120716.565880676,"Enterprising, Conventional, Realistic","Active Listening, Reading Comprehension, Coordination","Active Listening","Reading Comprehension",Coordination,70020,#70020,0,Mainland/Southwest
"Managers in transportation",340,33.65,57.69,77.56,120716.565880676,"Enterprising, Conventional, Realistic","Active Listening, Reading Comprehension, Coordination","Active Listening","Reading Comprehension",Coordination,70020,#70020,0,"Vancouver Island/Coast"
"Managers in transportation",240,33.65,57.69,77.56,120716.565880676,"Enterprising, Conventional, Realistic","Active Listening, Reading Comprehension, Coordination","Active Listening","Reading Comprehension",Coordination,70020,#70020,0,Thompson-Okanagan
"Managers in transportation",50,33.65,57.69,77.56,120716.565880676,"Enterprising, Conventional, Realistic","Active Listening, Reading Comprehension, Coordination","Active Listening","Reading Comprehension",Coordination,70020,#70020,0,Kootenay
"Managers in transportation",60,33.65,57.69,77.56,120716.565880676,"Enterprising, Conventional, Realistic","Active Listening, Reading Comprehension, Coordination","Active Listening","Reading Comprehension",Coordination,70020,#70020,0,Cariboo
"Managers in transportation",60,33.65,57.69,77.56,120716.565880676,"Enterprising, Conventional, Realistic","Active Listening, Reading Comprehension, Coordination","Active Listening","Reading Comprehension",Coordination,70020,#70020,0,"North Coast and Nechako"
"Postal and courier services managers",310,30.56,45.96,63.2,96827.485210084,"Enterprising, Conventional, Social","Active Listening, Reading Comprehension, Speaking","Active Listening","Reading Comprehension",Speaking,70021,#70021,0,"British Columbia"
"Postal and courier services managers",180,30.56,45.96,63.2,96827.485210084,"Enterprising, Conventional, Social","Active Listening, Reading Comprehension, Speaking","Active Listening","Reading Comprehension",Speaking,70021,#70021,0,Mainland/Southwest
"Postal and courier services managers",60,30.56,45.96,63.2,96827.485210084,"Enterprising, Conventional, Social","Active Listening, Reading Comprehension, Speaking","Active Listening","Reading Comprehension",Speaking,70021,#70021,0,"Vancouver Island/Coast"
"Postal and courier services managers",30,30.56,45.96,63.2,96827.485210084,"Enterprising, Conventional, Social","Active Listening, Reading Comprehension, Speaking","Active Listening","Reading Comprehension",Speaking,70021,#70021,0,Thompson-Okanagan
"Contractors and supervisors, machining, metal forming, shaping and erecting trades and related occupations",640,28.85,48.3,61.34,102292.710106202,"Enterprising, Realistic, Conventional","Coordination, Management of Personnel Resources, Speaking",Coordination,"Management of Personnel Resources",Speaking,72010,#72010,2,Mainland/Southwest
"Contractors and supervisors, machining, metal forming, shaping and erecting trades and related occupations",30,28.85,48.3,61.34,102292.710106202,"Enterprising, Realistic, Conventional","Coordination, Management of Personnel Resources, Speaking",Coordination,"Management of Personnel Resources",Speaking,72010,#72010,2,Cariboo
"Contractors and supervisors, electrical trades and telecommunications occupations",2070,33.65,44,62.5,98058.7745000244,"Enterprising, Conventional, Realistic","Monitoring, Management of Personnel Resources, Coordination",Monitoring,"Management of Personnel Resources",Coordination,72011,#72011,2,"British Columbia"
"Contractors and supervisors, electrical trades and telecommunications occupations",1360,33.65,44,62.5,98058.7745000244,"Enterprising, Conventional, Realistic","Monitoring, Management of Personnel Resources, Coordination",Monitoring,"Management of Personnel Resources",Coordination,72011,#72011,2,Mainland/Southwest
"Contractors and supervisors, electrical trades and telecommunications occupations",260,33.65,44,62.5,98058.7745000244,"Enterprising, Conventional, Realistic","Monitoring, Management of Personnel Resources, Coordination",Monitoring,"Management of Personnel Resources",Coordination,72011,#72011,2,"Vancouver Island/Coast"
"Contractors and supervisors, electrical trades and telecommunications occupations",310,33.65,44,62.5,98058.7745000244,"Enterprising, Conventional, Realistic","Monitoring, Management of Personnel Resources, Coordination",Monitoring,"Management of Personnel Resources",Coordination,72011,#72011,2,Thompson-Okanagan
"Contractors and supervisors, electrical trades and telecommunications occupations",40,33.65,44,62.5,98058.7745000244,"Enterprising, Conventional, Realistic","Monitoring, Management of Personnel Resources, Coordination",Monitoring,"Management of Personnel Resources",Coordination,72011,#72011,2,Kootenay
"Contractors and supervisors, electrical trades and telecommunications occupations",50,33.65,44,62.5,98058.7745000244,"Enterprising, Conventional, Realistic","Monitoring, Management of Personnel Resources, Coordination",Monitoring,"Management of Personnel Resources",Coordination,72011,#72011,2,Cariboo
"Contractors and supervisors, electrical trades and telecommunications occupations",40,33.65,44,62.5,98058.7745000244,"Enterprising, Conventional, Realistic","Monitoring, Management of Personnel Resources, Coordination",Monitoring,"Management of Personnel Resources",Coordination,72011,#72011,2,"North Coast and Nechako"
"Contractors and supervisors, pipefitting trades",640,27.88,45.79,61.65,93466.2504127315,"Enterprising, Realistic, Conventional","Coordination, Management of Personnel Resources, Speaking",Coordination,"Management of Personnel Resources",Speaking,72012,#72012,2,"British Columbia"
"Contractors and supervisors, pipefitting trades",480,27.88,45.79,61.65,93466.2504127315,"Enterprising, Realistic, Conventional","Coordination, Management of Personnel Resources, Speaking",Coordination,"Management of Personnel Resources",Speaking,72012,#72012,2,Mainland/Southwest
"Contractors and supervisors, carpentry trades",1450,28.85,38,47,81814.6969687778,"Enterprising, Realistic, Conventional","Coordination, Management of Personnel Resources, Speaking",Coordination,"Management of Personnel Resources",Speaking,72013,#72013,2,"British Columbia"
"Contractors and supervisors, carpentry trades",950,28.85,38,47,81814.6969687778,"Enterprising, Realistic, Conventional","Coordination, Management of Personnel Resources, Speaking",Coordination,"Management of Personnel Resources",Speaking,72013,#72013,2,Mainland/Southwest
"Contractors and supervisors, carpentry trades",190,28.85,38,47,81814.6969687778,"Enterprising, Realistic, Conventional","Coordination, Management of Personnel Resources, Speaking",Coordination,"Management of Personnel Resources",Speaking,72013,#72013,2,Thompson-Okanagan
"Contractors and supervisors, carpentry trades",40,28.85,38,47,81814.6969687778,"Enterprising, Realistic, Conventional","Coordination, Management of Personnel Resources, Speaking",Coordination,"Management of Personnel Resources",Speaking,72013,#72013,2,Kootenay
"Contractors and supervisors, carpentry trades",40,28.85,38,47,81814.6969687778,"Enterprising, Realistic, Conventional","Coordination, Management of Personnel Resources, Speaking",Coordination,"Management of Personnel Resources",Speaking,72013,#72013,2,Northeast
"Contractors and supervisors, other construction trades, installers, repairers and servicers",5010,21.63,37.5,47,81122.565925342,"Enterprising, Conventional, Realistic","Monitoring, Management of Personnel Resources, Coordination",Monitoring,"Management of Personnel Resources",Coordination,72014,#72014,2,"British Columbia"
"Contractors and supervisors, other construction trades, installers, repairers and servicers",3400,21.63,37.5,47,81122.565925342,"Enterprising, Conventional, Realistic","Monitoring, Management of Personnel Resources, Coordination",Monitoring,"Management of Personnel Resources",Coordination,72014,#72014,2,Mainland/Southwest
"Contractors and supervisors, other construction trades, installers, repairers and servicers",670,21.63,37.5,47,81122.565925342,"Enterprising, Conventional, Realistic","Monitoring, Management of Personnel Resources, Coordination",Monitoring,"Management of Personnel Resources",Coordination,72014,#72014,2,Thompson-Okanagan
"Contractors and supervisors, other construction trades, installers, repairers and servicers",60,21.63,37.5,47,81122.565925342,"Enterprising, Conventional, Realistic","Monitoring, Management of Personnel Resources, Coordination",Monitoring,"Management of Personnel Resources",Coordination,72014,#72014,2,Cariboo
"Contractors and supervisors, other construction trades, installers, repairers and servicers",20,21.63,37.5,47,81122.565925342,"Enterprising, Conventional, Realistic","Monitoring, Management of Personnel Resources, Coordination",Monitoring,"Management of Personnel Resources",Coordination,72014,#72014,2,Northeast
"Contractors and supervisors, mechanic trades",1460,27.59,45,62.5,100596.863895151,"Enterprising, Conventional, Realistic","Monitoring, Management of Personnel Resources, Coordination",Monitoring,"Management of Personnel Resources",Coordination,72020,#72020,2,"British Columbia"
"Contractors and supervisors, mechanic trades",810,27.59,45,62.5,100596.863895151,"Enterprising, Conventional, Realistic","Monitoring, Management of Personnel Resources, Coordination",Monitoring,"Management of Personnel Resources",Coordination,72020,#72020,2,Mainland/Southwest
"Contractors and supervisors, mechanic trades",210,27.59,45,62.5,100596.863895151,"Enterprising, Conventional, Realistic","Monitoring, Management of Personnel Resources, Coordination",Monitoring,"Management of Personnel Resources",Coordination,72020,#72020,2,"Vancouver Island/Coast"
"Contractors and supervisors, mechanic trades",260,27.59,45,62.5,100596.863895151,"Enterprising, Conventional, Realistic","Monitoring, Management of Personnel Resources, Coordination",Monitoring,"Management of Personnel Resources",Coordination,72020,#72020,2,Thompson-Okanagan
"Contractors and supervisors, mechanic trades",50,27.59,45,62.5,100596.863895151,"Enterprising, Conventional, Realistic","Monitoring, Management of Personnel Resources, Coordination",Monitoring,"Management of Personnel Resources",Coordination,72020,#72020,2,Kootenay
"Contractors and supervisors, mechanic trades",60,27.59,45,62.5,100596.863895151,"Enterprising, Conventional, Realistic","Monitoring, Management of Personnel Resources, Coordination",Monitoring,"Management of Personnel Resources",Coordination,72020,#72020,2,Cariboo
"Contractors and supervisors, mechanic trades",40,27.59,45,62.5,100596.863895151,"Enterprising, Conventional, Realistic","Monitoring, Management of Personnel Resources, Coordination",Monitoring,"Management of Personnel Resources",Coordination,72020,#72020,2,Northeast
"Contractors and supervisors, heavy equipment operator crews",3470,30,41.79,62.35,94725.8160511254,"Enterprising, Conventional, Realistic","Management of Personnel Resources, Speaking, Coordination","Management of Personnel Resources",Speaking,Coordination,72021,#72021,2,"British Columbia"
"Contractors and supervisors, heavy equipment operator crews",1760,30,41.79,62.35,94725.8160511254,"Enterprising, Conventional, Realistic","Management of Personnel Resources, Speaking, Coordination","Management of Personnel Resources",Speaking,Coordination,72021,#72021,2,Mainland/Southwest
"Contractors and supervisors, heavy equipment operator crews",520,30,41.79,62.35,94725.8160511254,"Enterprising, Conventional, Realistic","Management of Personnel Resources, Speaking, Coordination","Management of Personnel Resources",Speaking,Coordination,72021,#72021,2,"Vancouver Island/Coast"
"Contractors and supervisors, heavy equipment operator crews",730,30,41.79,62.35,94725.8160511254,"Enterprising, Conventional, Realistic","Management of Personnel Resources, Speaking, Coordination","Management of Personnel Resources",Speaking,Coordination,72021,#72021,2,Thompson-Okanagan
"Contractors and supervisors, heavy equipment operator crews",130,30,41.79,62.35,94725.8160511254,"Enterprising, Conventional, Realistic","Management of Personnel Resources, Speaking, Coordination","Management of Personnel Resources",Speaking,Coordination,72021,#72021,2,Kootenay
"Contractors and supervisors, heavy equipment operator crews",100,30,41.79,62.35,94725.8160511254,"Enterprising, Conventional, Realistic","Management of Personnel Resources, Speaking, Coordination","Management of Personnel Resources",Speaking,Coordination,72021,#72021,2,Cariboo
"Contractors and supervisors, heavy equipment operator crews",160,30,41.79,62.35,94725.8160511254,"Enterprising, Conventional, Realistic","Management of Personnel Resources, Speaking, Coordination","Management of Personnel Resources",Speaking,Coordination,72021,#72021,2,"North Coast and Nechako"
"Contractors and supervisors, heavy equipment operator crews",70,30,41.79,62.35,94725.8160511254,"Enterprising, Conventional, Realistic","Management of Personnel Resources, Speaking, Coordination","Management of Personnel Resources",Speaking,Coordination,72021,#72021,2,Northeast
"Supervisors, motor transport and other ground transit operators",380,21.11,35,53.85,76080.2451942078,"Conventional, Realistic, Enterprising","Active Listening, Coordination, Speaking","Active Listening",Coordination,Speaking,72024,#72024,2,Mainland/Southwest
"Supervisors, motor transport and other ground transit operators",80,21.11,35,53.85,76080.2451942078,"Conventional, Realistic, Enterprising","Active Listening, Coordination, Speaking","Active Listening",Coordination,Speaking,72024,#72024,2,"Vancouver Island/Coast"
"Supervisors, mail and message distribution occupations",430,21.65,34.03,47,68630.804952764,"Enterprising, Conventional, Social","Active Listening, Coordination, Monitoring","Active Listening",Coordination,Monitoring,72025,#72025,2,"British Columbia"
"Supervisors, mail and message distribution occupations",220,21.65,34.03,47,68630.804952764,"Enterprising, Conventional, Social","Active Listening, Coordination, Monitoring","Active Listening",Coordination,Monitoring,72025,#72025,2,Mainland/Southwest
"Supervisors, mail and message distribution occupations",100,21.65,34.03,47,68630.804952764,"Enterprising, Conventional, Social","Active Listening, Coordination, Monitoring","Active Listening",Coordination,Monitoring,72025,#72025,2,"Vancouver Island/Coast"
"Supervisors, mail and message distribution occupations",40,21.65,34.03,47,68630.804952764,"Enterprising, Conventional, Social","Active Listening, Coordination, Monitoring","Active Listening",Coordination,Monitoring,72025,#72025,2,Kootenay
"Industrial electricians",110,35.9,45,54.95,98177.0180390478,"Realistic, Conventional, Investigative","Repairing, Troubleshooting, Equipment Maintenance",Repairing,Troubleshooting,"Equipment Maintenance",72201,#72201,2,Kootenay
"Industrial electricians",60,35.9,45,54.95,98177.0180390478,"Realistic, Conventional, Investigative","Repairing, Troubleshooting, Equipment Maintenance",Repairing,Troubleshooting,"Equipment Maintenance",72201,#72201,2,Northeast
"Electrical power line and cable workers",150,32,50,63,113619.434529533,"Realistic, Conventional, Investigative","Active Listening, Troubleshooting, Monitoring","Active Listening",Troubleshooting,Monitoring,72203,#72203,2,Thompson-Okanagan
"Construction millwrights and industrial mechanics",200,25.25,42,55,89992.9480906918,"Realistic, Conventional, Investigative","Equipment Maintenance, Troubleshooting, Operations Monitoring","Equipment Maintenance",Troubleshooting,"Operations Monitoring",72400,#72400,2,Northeast
"Heavy-duty equipment mechanics",530,27,45,55.5,102395.103946393,"Realistic, Conventional, Investigative","Repairing, Equipment Maintenance, Troubleshooting",Repairing,"Equipment Maintenance",Troubleshooting,72401,#72401,2,Thompson-Okanagan
"Heavy-duty equipment mechanics",240,27,45,55.5,102395.103946393,"Realistic, Conventional, Investigative","Repairing, Equipment Maintenance, Troubleshooting",Repairing,"Equipment Maintenance",Troubleshooting,72401,#72401,2,Kootenay
"Heavy-duty equipment mechanics",200,27,45,55.5,102395.103946393,"Realistic, Conventional, Investigative","Repairing, Equipment Maintenance, Troubleshooting",Repairing,"Equipment Maintenance",Troubleshooting,72401,#72401,2,Cariboo
"Heavy-duty equipment mechanics",140,27,45,55.5,102395.103946393,"Realistic, Conventional, Investigative","Repairing, Equipment Maintenance, Troubleshooting",Repairing,"Equipment Maintenance",Troubleshooting,72401,#72401,2,"North Coast and Nechako"
"Heavy-duty equipment mechanics",170,27,45,55.5,102395.103946393,"Realistic, Conventional, Investigative","Repairing, Equipment Maintenance, Troubleshooting",Repairing,"Equipment Maintenance",Troubleshooting,72401,#72401,2,Northeast
"Aircraft mechanics and aircraft inspectors",40,28,39,51,88532.7050387504,"Realistic, Conventional, Investigative","Equipment Maintenance, Repairing, Troubleshooting","Equipment Maintenance",Repairing,Troubleshooting,72404,#72404,2,"North Coast and Nechako"
"Elevator constructors and mechanics",560,32,52.5,62.4,109690.270709382,"Realistic, Conventional, Investigative","Equipment Maintenance, Repairing, Troubleshooting","Equipment Maintenance",Repairing,Troubleshooting,72406,#72406,2,"British Columbia"
"Elevator constructors and mechanics",490,32,52.5,62.4,109690.270709382,"Realistic, Conventional, Investigative","Equipment Maintenance, Repairing, Troubleshooting","Equipment Maintenance",Repairing,Troubleshooting,72406,#72406,2,Mainland/Southwest
"Elevator constructors and mechanics",30,32,52.5,62.4,109690.270709382,"Realistic, Conventional, Investigative","Equipment Maintenance, Repairing, Troubleshooting","Equipment Maintenance",Repairing,Troubleshooting,72406,#72406,2,Thompson-Okanagan
"Automotive service technicians, truck and bus mechanics and mechanical repairers",160,20,35,49,73039.8598334986,"Realistic, Conventional, Investigative","Repairing, Troubleshooting, Operations Monitoring",Repairing,Troubleshooting,"Operations Monitoring",72410,#72410,2,Kootenay
"Automotive service technicians, truck and bus mechanics and mechanical repairers",190,20,35,49,73039.8598334986,"Realistic, Conventional, Investigative","Repairing, Troubleshooting, Operations Monitoring",Repairing,Troubleshooting,"Operations Monitoring",72410,#72410,2,Cariboo
"Automotive service technicians, truck and bus mechanics and mechanical repairers",160,20,35,49,73039.8598334986,"Realistic, Conventional, Investigative","Repairing, Troubleshooting, Operations Monitoring",Repairing,Troubleshooting,"Operations Monitoring",72410,#72410,2,Northeast
"Air pilots, flight engineers and flying instructors",270,30,57.69,96.15,102683.091708325,"Realistic, Conventional, Enterprising","Operation and Control, Operations Monitoring, Monitoring","Operation and Control","Operations Monitoring",Monitoring,72600,#72600,2,"Vancouver Island/Coast"
"Air pilots, flight engineers and flying instructors",40,30,57.69,96.15,102683.091708325,"Realistic, Conventional, Enterprising","Operation and Control, Operations Monitoring, Monitoring","Operation and Control","Operations Monitoring",Monitoring,72600,#72600,2,Kootenay
"Air pilots, flight engineers and flying instructors",30,30,57.69,96.15,102683.091708325,"Realistic, Conventional, Enterprising","Operation and Control, Operations Monitoring, Monitoring","Operation and Control","Operations Monitoring",Monitoring,72600,#72600,2,Cariboo
"Air pilots, flight engineers and flying instructors",70,30,57.69,96.15,102683.091708325,"Realistic, Conventional, Enterprising","Operation and Control, Operations Monitoring, Monitoring","Operation and Control","Operations Monitoring",Monitoring,72600,#72600,2,"North Coast and Nechako"
"Air pilots, flight engineers and flying instructors",50,30,57.69,96.15,102683.091708325,"Realistic, Conventional, Enterprising","Operation and Control, Operations Monitoring, Monitoring","Operation and Control","Operations Monitoring",Monitoring,72600,#72600,2,Northeast
"Deck officers, water transport",860,23.5,42,60.5,108263.494480769,"Realistic, Conventional, Enterprising","Operation and Control, Monitoring, Speaking","Operation and Control",Monitoring,Speaking,72602,#72602,2,"British Columbia"
"Deck officers, water transport",330,23.5,42,60.5,108263.494480769,"Realistic, Conventional, Enterprising","Operation and Control, Monitoring, Speaking","Operation and Control",Monitoring,Speaking,72602,#72602,2,Mainland/Southwest
"Deck officers, water transport",320,23.5,42,60.5,108263.494480769,"Realistic, Conventional, Enterprising","Operation and Control, Monitoring, Speaking","Operation and Control",Monitoring,Speaking,72602,#72602,2,"Vancouver Island/Coast"
"Deck officers, water transport",130,23.5,42,60.5,108263.494480769,"Realistic, Conventional, Enterprising","Operation and Control, Monitoring, Speaking","Operation and Control",Monitoring,Speaking,72602,#72602,2,Thompson-Okanagan
"Deck officers, water transport",80,23.5,42,60.5,108263.494480769,"Realistic, Conventional, Enterprising","Operation and Control, Monitoring, Speaking","Operation and Control",Monitoring,Speaking,72602,#72602,2,"North Coast and Nechako"
"General building maintenance workers and building superintendents",120,21,29,45,52451.5607455677,"Realistic, Conventional, Investigative","Equipment Maintenance, Repairing, Troubleshooting","Equipment Maintenance",Repairing,Troubleshooting,73201,#73201,3,Northeast
"Bus drivers, subway operators and other transit operators",70,21,31.11,40.19,57862.7056188209,"Realistic, Conventional, Social","Operation and Control, Operations Monitoring, Active Listening","Operation and Control","Operations Monitoring","Active Listening",73301,#73301,3,"North Coast and Nechako"
"Railway and yard locomotive engineers",60,36.55,54,69.71,125675.649,"Realistic, Conventional, Investigative","Operation and Control, Operations Monitoring, Monitoring","Operation and Control","Operations Monitoring",Monitoring,73310,#73310,3,Cariboo
"Railway and yard locomotive engineers",160,36.55,54,69.71,125675.649,"Realistic, Conventional, Investigative","Operation and Control, Operations Monitoring, Monitoring","Operation and Control","Operations Monitoring",Monitoring,73310,#73310,3,"North Coast and Nechako"
"Railway and yard locomotive engineers",30,36.55,54,69.71,125675.649,"Realistic, Conventional, Investigative","Operation and Control, Operations Monitoring, Monitoring","Operation and Control","Operations Monitoring",Monitoring,73310,#73310,3,Northeast
"Railway conductors and brakemen/women",110,29.63,41.32,52.84,103396.339333747,"Realistic, Conventional, Enterprising","Monitoring, Critical Thinking, Operations Monitoring",Monitoring,"Critical Thinking","Operations Monitoring",73311,#73311,3,"North Coast and Nechako"
"Mail and parcel sorters and related occupations",40,18.44,28,31.5,48390.5929028621,"Conventional, Realistic, Enterprising","Speaking, Active Listening, Monitoring",Speaking,"Active Listening",Monitoring,74100,#74100,4,Cariboo
"Mail and parcel sorters and related occupations",30,18.44,28,31.5,48390.5929028621,"Conventional, Realistic, Enterprising","Speaking, Active Listening, Monitoring",Speaking,"Active Listening",Monitoring,74100,#74100,4,"North Coast and Nechako"
"Letter carriers",40,23,29.54,33.85,58597.2659970072,"Conventional, Realistic, Enterprising","Active Listening, Critical Thinking, Social Perceptiveness","Active Listening","Critical Thinking","Social Perceptiveness",74101,#74101,4,Kootenay
"Letter carriers",80,23,29.54,33.85,58597.2659970072,"Conventional, Realistic, Enterprising","Active Listening, Critical Thinking, Social Perceptiveness","Active Listening","Critical Thinking","Social Perceptiveness",74101,#74101,4,Cariboo
"Letter carriers",50,23,29.54,33.85,58597.2659970072,"Conventional, Realistic, Enterprising","Active Listening, Critical Thinking, Social Perceptiveness","Active Listening","Critical Thinking","Social Perceptiveness",74101,#74101,4,"North Coast and Nechako"
"Couriers and messengers",40,17.85,22,32,43989.7409134615,"Realistic, Conventional, Enterprising","Speaking, Active Listening, Time Management",Speaking,"Active Listening","Time Management",74102,#74102,4,Cariboo
"Railway yard and track maintenance workers",40,25,33,43,71315.0332976191,"Realistic, Conventional, Investigative","Operations Monitoring, Operation and Control, Monitoring","Operations Monitoring","Operation and Control",Monitoring,74200,#74200,4,"North Coast and Nechako"
"Longshore workers",260,21,48.81,67.98,90978.9646712858,"Realistic, Conventional, Investigative","Operation and Control, Operations Monitoring, Reading Comprehension","Operation and Control","Operations Monitoring","Reading Comprehension",75100,#75100,5,"North Coast and Nechako"
"Taxi and limousine drivers and chauffeurs",30,17.85,20.77,36,44652.6140513609,"Realistic, Conventional, Social","Active Listening, Critical Thinking, Monitoring","Active Listening","Critical Thinking",Monitoring,75200,#75200,5,"North Coast and Nechako"
"Managers in natural resources production and fishing",1060,43.27,72.12,129.23,174920.831169951,"Enterprising, Realistic, Conventional","Active Listening, Critical Thinking, Reading Comprehension","Active Listening","Critical Thinking","Reading Comprehension",80010,#80010,0,"British Columbia"
"Managers in natural resources production and fishing",240,43.27,72.12,129.23,174920.831169951,"Enterprising, Realistic, Conventional","Active Listening, Critical Thinking, Reading Comprehension","Active Listening","Critical Thinking","Reading Comprehension",80010,#80010,0,Mainland/Southwest
"Managers in natural resources production and fishing",220,43.27,72.12,129.23,174920.831169951,"Enterprising, Realistic, Conventional","Active Listening, Critical Thinking, Reading Comprehension","Active Listening","Critical Thinking","Reading Comprehension",80010,#80010,0,"Vancouver Island/Coast"
"Managers in natural resources production and fishing",230,43.27,72.12,129.23,174920.831169951,"Enterprising, Realistic, Conventional","Active Listening, Critical Thinking, Reading Comprehension","Active Listening","Critical Thinking","Reading Comprehension",80010,#80010,0,Thompson-Okanagan
"Managers in natural resources production and fishing",120,43.27,72.12,129.23,174920.831169951,"Enterprising, Realistic, Conventional","Active Listening, Critical Thinking, Reading Comprehension","Active Listening","Critical Thinking","Reading Comprehension",80010,#80010,0,Kootenay
"Managers in natural resources production and fishing",80,43.27,72.12,129.23,174920.831169951,"Enterprising, Realistic, Conventional","Active Listening, Critical Thinking, Reading Comprehension","Active Listening","Critical Thinking","Reading Comprehension",80010,#80010,0,Cariboo
"Managers in natural resources production and fishing",80,43.27,72.12,129.23,174920.831169951,"Enterprising, Realistic, Conventional","Active Listening, Critical Thinking, Reading Comprehension","Active Listening","Critical Thinking","Reading Comprehension",80010,#80010,0,"North Coast and Nechako"
"Managers in natural resources production and fishing",80,43.27,72.12,129.23,174920.831169951,"Enterprising, Realistic, Conventional","Active Listening, Critical Thinking, Reading Comprehension","Active Listening","Critical Thinking","Reading Comprehension",80010,#80010,0,Northeast
"Managers in agriculture",140,N/A,N/A,N/A,28000,"Realistic, Conventional, Investigative","Critical Thinking, Active Listening, Complex Problem Solving","Critical Thinking","Active Listening","Complex Problem Solving",80020,#80020,0,Kootenay
"Managers in agriculture",100,N/A,N/A,N/A,28000,"Realistic, Conventional, Investigative","Critical Thinking, Active Listening, Complex Problem Solving","Critical Thinking","Active Listening","Complex Problem Solving",80020,#80020,0,Cariboo
"Managers in agriculture",200,N/A,N/A,N/A,28000,"Realistic, Conventional, Investigative","Critical Thinking, Active Listening, Complex Problem Solving","Critical Thinking","Active Listening","Complex Problem Solving",80020,#80020,0,Northeast
"Supervisors, logging and forestry",80,37,42,50.48,105170.94225,"Enterprising, Realistic, Conventional","Coordination, Critical Thinking, Monitoring",Coordination,"Critical Thinking",Monitoring,82010,#82010,2,"North Coast and Nechako"
"Supervisors, logging and forestry",60,37,42,50.48,105170.94225,"Enterprising, Realistic, Conventional","Coordination, Critical Thinking, Monitoring",Coordination,"Critical Thinking",Monitoring,82010,#82010,2,Northeast
"Supervisors, mining and quarrying",920,37.05,56.37,86.02,128443.178688155,"Enterprising, Realistic, Conventional","Coordination, Management of Personnel Resources, Speaking",Coordination,"Management of Personnel Resources",Speaking,82020,#82020,2,"British Columbia"
"Supervisors, mining and quarrying",90,37.05,56.37,86.02,128443.178688155,"Enterprising, Realistic, Conventional","Coordination, Management of Personnel Resources, Speaking",Coordination,"Management of Personnel Resources",Speaking,82020,#82020,2,"Vancouver Island/Coast"
"Supervisors, mining and quarrying",350,37.05,56.37,86.02,128443.178688155,"Enterprising, Realistic, Conventional","Coordination, Management of Personnel Resources, Speaking",Coordination,"Management of Personnel Resources",Speaking,82020,#82020,2,Thompson-Okanagan
"Supervisors, mining and quarrying",140,37.05,56.37,86.02,128443.178688155,"Enterprising, Realistic, Conventional","Coordination, Management of Personnel Resources, Speaking",Coordination,"Management of Personnel Resources",Speaking,82020,#82020,2,Kootenay
"Supervisors, mining and quarrying",50,37.05,56.37,86.02,128443.178688155,"Enterprising, Realistic, Conventional","Coordination, Management of Personnel Resources, Speaking",Coordination,"Management of Personnel Resources",Speaking,82020,#82020,2,Cariboo
"Supervisors, mining and quarrying",50,37.05,56.37,86.02,128443.178688155,"Enterprising, Realistic, Conventional","Coordination, Management of Personnel Resources, Speaking",Coordination,"Management of Personnel Resources",Speaking,82020,#82020,2,"North Coast and Nechako"
"Supervisors, mining and quarrying",60,37.05,56.37,86.02,128443.178688155,"Enterprising, Realistic, Conventional","Coordination, Management of Personnel Resources, Speaking",Coordination,"Management of Personnel Resources",Speaking,82020,#82020,2,Northeast
"Contractors and supervisors, oil and gas drilling and services",410,28.85,46.15,86.54,146917.701361046,"Enterprising, Realistic, Conventional","Coordination, Management of Personnel Resources, Speaking",Coordination,"Management of Personnel Resources",Speaking,82021,#82021,2,"British Columbia"
"Contractors and supervisors, oil and gas drilling and services",60,28.85,46.15,86.54,146917.701361046,"Enterprising, Realistic, Conventional","Coordination, Management of Personnel Resources, Speaking",Coordination,"Management of Personnel Resources",Speaking,82021,#82021,2,"Vancouver Island/Coast"
"Contractors and supervisors, oil and gas drilling and services",170,28.85,46.15,86.54,146917.701361046,"Enterprising, Realistic, Conventional","Coordination, Management of Personnel Resources, Speaking",Coordination,"Management of Personnel Resources",Speaking,82021,#82021,2,Thompson-Okanagan
"Contractors and supervisors, oil and gas drilling and services",50,28.85,46.15,86.54,146917.701361046,"Enterprising, Realistic, Conventional","Coordination, Management of Personnel Resources, Speaking",Coordination,"Management of Personnel Resources",Speaking,82021,#82021,2,Kootenay
"Contractors and supervisors, oil and gas drilling and services",100,28.85,46.15,86.54,146917.701361046,"Enterprising, Realistic, Conventional","Coordination, Management of Personnel Resources, Speaking",Coordination,"Management of Personnel Resources",Speaking,82021,#82021,2,Northeast
"Underground production and development miners",70,34.97,43,50.33,121871.985549546,"Realistic, Conventional, Investigative","Operation and Control, Operations Monitoring, Critical Thinking","Operation and Control","Operations Monitoring","Critical Thinking",83100,#83100,3,Northeast
"Manufacturing managers",4880,36.62,55,84.62,117574.581750162,"Conventional, Enterprising, Investigative","Critical Thinking, Reading Comprehension, Active Listening","Critical Thinking","Reading Comprehension","Active Listening",90010,#90010,0,"British Columbia"
"Manufacturing managers",3520,36.62,55,84.62,117574.581750162,"Conventional, Enterprising, Investigative","Critical Thinking, Reading Comprehension, Active Listening","Critical Thinking","Reading Comprehension","Active Listening",90010,#90010,0,Mainland/Southwest
"Manufacturing managers",540,36.62,55,84.62,117574.581750162,"Conventional, Enterprising, Investigative","Critical Thinking, Reading Comprehension, Active Listening","Critical Thinking","Reading Comprehension","Active Listening",90010,#90010,0,"Vancouver Island/Coast"
"Manufacturing managers",570,36.62,55,84.62,117574.581750162,"Conventional, Enterprising, Investigative","Critical Thinking, Reading Comprehension, Active Listening","Critical Thinking","Reading Comprehension","Active Listening",90010,#90010,0,Thompson-Okanagan
"Manufacturing managers",110,36.62,55,84.62,117574.581750162,"Conventional, Enterprising, Investigative","Critical Thinking, Reading Comprehension, Active Listening","Critical Thinking","Reading Comprehension","Active Listening",90010,#90010,0,Kootenay
"Manufacturing managers",100,36.62,55,84.62,117574.581750162,"Conventional, Enterprising, Investigative","Critical Thinking, Reading Comprehension, Active Listening","Critical Thinking","Reading Comprehension","Active Listening",90010,#90010,0,Cariboo
"Manufacturing managers",30,36.62,55,84.62,117574.581750162,"Conventional, Enterprising, Investigative","Critical Thinking, Reading Comprehension, Active Listening","Critical Thinking","Reading Comprehension","Active Listening",90010,#90010,0,Northeast
"Utilities managers",840,41.77,58.75,76.92,116252.411908017,"Conventional, Enterprising, Realistic","Speaking, Reading Comprehension, Critical Thinking",Speaking,"Reading Comprehension","Critical Thinking",90011,#90011,0,"British Columbia"
"Utilities managers",440,41.77,58.75,76.92,116252.411908017,"Conventional, Enterprising, Realistic","Speaking, Reading Comprehension, Critical Thinking",Speaking,"Reading Comprehension","Critical Thinking",90011,#90011,0,Mainland/Southwest
"Utilities managers",140,41.77,58.75,76.92,116252.411908017,"Conventional, Enterprising, Realistic","Speaking, Reading Comprehension, Critical Thinking",Speaking,"Reading Comprehension","Critical Thinking",90011,#90011,0,"Vancouver Island/Coast"
"Utilities managers",170,41.77,58.75,76.92,116252.411908017,"Conventional, Enterprising, Realistic","Speaking, Reading Comprehension, Critical Thinking",Speaking,"Reading Comprehension","Critical Thinking",90011,#90011,0,Thompson-Okanagan
"Utilities managers",30,41.77,58.75,76.92,116252.411908017,"Conventional, Enterprising, Realistic","Speaking, Reading Comprehension, Critical Thinking",Speaking,"Reading Comprehension","Critical Thinking",90011,#90011,0,Cariboo
"Utilities managers",40,41.77,58.75,76.92,116252.411908017,"Conventional, Enterprising, Realistic","Speaking, Reading Comprehension, Critical Thinking",Speaking,"Reading Comprehension","Critical Thinking",90011,#90011,0,Northeast
"Supervisors, mineral and metal processing",120,25,43.5,63.41,92305.2943421052,"Enterprising, Conventional, Realistic","Active Listening, Management of Personnel Resources, Speaking","Active Listening","Management of Personnel Resources",Speaking,92010,#92010,2,Mainland/Southwest
"Supervisors, mineral and metal processing",30,25,43.5,63.41,92305.2943421052,"Enterprising, Conventional, Realistic","Active Listening, Management of Personnel Resources, Speaking","Active Listening","Management of Personnel Resources",Speaking,92010,#92010,2,Thompson-Okanagan
"Supervisors, mineral and metal processing",30,25,43.5,63.41,92305.2943421052,"Enterprising, Conventional, Realistic","Active Listening, Management of Personnel Resources, Speaking","Active Listening","Management of Personnel Resources",Speaking,92010,#92010,2,"North Coast and Nechako"
"Supervisors, petroleum, gas and chemical processing and utilities",560,25,41,53.85,85497.067042468,"Enterprising, Conventional, Realistic","Active Listening, Management of Personnel Resources, Speaking","Active Listening","Management of Personnel Resources",Speaking,92011,#92011,2,"British Columbia"
"Supervisors, petroleum, gas and chemical processing and utilities",240,25,41,53.85,85497.067042468,"Enterprising, Conventional, Realistic","Active Listening, Management of Personnel Resources, Speaking","Active Listening","Management of Personnel Resources",Speaking,92011,#92011,2,Mainland/Southwest
"Supervisors, petroleum, gas and chemical processing and utilities",50,25,41,53.85,85497.067042468,"Enterprising, Conventional, Realistic","Active Listening, Management of Personnel Resources, Speaking","Active Listening","Management of Personnel Resources",Speaking,92011,#92011,2,"Vancouver Island/Coast"
"Supervisors, petroleum, gas and chemical processing and utilities",130,25,41,53.85,85497.067042468,"Enterprising, Conventional, Realistic","Active Listening, Management of Personnel Resources, Speaking","Active Listening","Management of Personnel Resources",Speaking,92011,#92011,2,Thompson-Okanagan
"Supervisors, petroleum, gas and chemical processing and utilities",40,25,41,53.85,85497.067042468,"Enterprising, Conventional, Realistic","Active Listening, Management of Personnel Resources, Speaking","Active Listening","Management of Personnel Resources",Speaking,92011,#92011,2,Kootenay
"Supervisors, petroleum, gas and chemical processing and utilities",50,25,41,53.85,85497.067042468,"Enterprising, Conventional, Realistic","Active Listening, Management of Personnel Resources, Speaking","Active Listening","Management of Personnel Resources",Speaking,92011,#92011,2,"North Coast and Nechako"
"Supervisors, petroleum, gas and chemical processing and utilities",50,25,41,53.85,85497.067042468,"Enterprising, Conventional, Realistic","Active Listening, Management of Personnel Resources, Speaking","Active Listening","Management of Personnel Resources",Speaking,92011,#92011,2,Northeast
"Supervisors, forest products processing",210,28,43.5,60,92819.2727981684,"Enterprising, Conventional, Realistic","Active Listening, Management of Personnel Resources, Speaking","Active Listening","Management of Personnel Resources",Speaking,92014,#92014,2,Mainland/Southwest
"Supervisors, forest products processing",30,28,43.5,60,92819.2727981684,"Enterprising, Conventional, Realistic","Active Listening, Management of Personnel Resources, Speaking","Active Listening","Management of Personnel Resources",Speaking,92014,#92014,2,Kootenay
"Supervisors, forest products processing",60,28,43.5,60,92819.2727981684,"Enterprising, Conventional, Realistic","Active Listening, Management of Personnel Resources, Speaking","Active Listening","Management of Personnel Resources",Speaking,92014,#92014,2,Cariboo
"Supervisors, forest products processing",50,28,43.5,60,92819.2727981684,"Enterprising, Conventional, Realistic","Active Listening, Management of Personnel Resources, Speaking","Active Listening","Management of Personnel Resources",Speaking,92014,#92014,2,Northeast
"Supervisors, other mechanical and metal products manufacturing",70,30,41,52.97,88094.912072135,"Enterprising, Conventional, Realistic","Active Listening, Management of Personnel Resources, Speaking","Active Listening","Management of Personnel Resources",Speaking,92023,#92023,2,"British Columbia"
"Supervisors, other mechanical and metal products manufacturing",50,30,41,52.97,88094.912072135,"Enterprising, Conventional, Realistic","Active Listening, Management of Personnel Resources, Speaking","Active Listening","Management of Personnel Resources",Speaking,92023,#92023,2,Mainland/Southwest
"Power engineers and power systems operators",2510,35,41,66.87,93427.7025075702,"Realistic, Conventional, Investigative","Operations Monitoring, Operation and Control, Critical Thinking","Operations Monitoring","Operation and Control","Critical Thinking",92100,#92100,2,"British Columbia"
"Power engineers and power systems operators",930,35,41,66.87,93427.7025075702,"Realistic, Conventional, Investigative","Operations Monitoring, Operation and Control, Critical Thinking","Operations Monitoring","Operation and Control","Critical Thinking",92100,#92100,2,Mainland/Southwest
"Power engineers and power systems operators",420,35,41,66.87,93427.7025075702,"Realistic, Conventional, Investigative","Operations Monitoring, Operation and Control, Critical Thinking","Operations Monitoring","Operation and Control","Critical Thinking",92100,#92100,2,"Vancouver Island/Coast"
"Power engineers and power systems operators",430,35,41,66.87,93427.7025075702,"Realistic, Conventional, Investigative","Operations Monitoring, Operation and Control, Critical Thinking","Operations Monitoring","Operation and Control","Critical Thinking",92100,#92100,2,Thompson-Okanagan
"Power engineers and power systems operators",260,35,41,66.87,93427.7025075702,"Realistic, Conventional, Investigative","Operations Monitoring, Operation and Control, Critical Thinking","Operations Monitoring","Operation and Control","Critical Thinking",92100,#92100,2,Kootenay
"Power engineers and power systems operators",160,35,41,66.87,93427.7025075702,"Realistic, Conventional, Investigative","Operations Monitoring, Operation and Control, Critical Thinking","Operations Monitoring","Operation and Control","Critical Thinking",92100,#92100,2,Cariboo
"Power engineers and power systems operators",120,35,41,66.87,93427.7025075702,"Realistic, Conventional, Investigative","Operations Monitoring, Operation and Control, Critical Thinking","Operations Monitoring","Operation and Control","Critical Thinking",92100,#92100,2,"North Coast and Nechako"
"Power engineers and power systems operators",190,35,41,66.87,93427.7025075702,"Realistic, Conventional, Investigative","Operations Monitoring, Operation and Control, Critical Thinking","Operations Monitoring","Operation and Control","Critical Thinking",92100,#92100,2,Northeast
"Water and waste treatment plant operators",840,28.8,36.8,45.07,76398.056,"Realistic, Conventional, Investigative","Operation and Control, Operations Monitoring, Monitoring","Operation and Control","Operations Monitoring",Monitoring,92101,#92101,2,"British Columbia"
"Water and waste treatment plant operators",220,28.8,36.8,45.07,76398.056,"Realistic, Conventional, Investigative","Operation and Control, Operations Monitoring, Monitoring","Operation and Control","Operations Monitoring",Monitoring,92101,#92101,2,Mainland/Southwest
"Water and waste treatment plant operators",220,28.8,36.8,45.07,76398.056,"Realistic, Conventional, Investigative","Operation and Control, Operations Monitoring, Monitoring","Operation and Control","Operations Monitoring",Monitoring,92101,#92101,2,"Vancouver Island/Coast"
"Water and waste treatment plant operators",210,28.8,36.8,45.07,76398.056,"Realistic, Conventional, Investigative","Operation and Control, Operations Monitoring, Monitoring","Operation and Control","Operations Monitoring",Monitoring,92101,#92101,2,Thompson-Okanagan
"Water and waste treatment plant operators",70,28.8,36.8,45.07,76398.056,"Realistic, Conventional, Investigative","Operation and Control, Operations Monitoring, Monitoring","Operation and Control","Operations Monitoring",Monitoring,92101,#92101,2,Kootenay
"Water and waste treatment plant operators",70,28.8,36.8,45.07,76398.056,"Realistic, Conventional, Investigative","Operation and Control, Operations Monitoring, Monitoring","Operation and Control","Operations Monitoring",Monitoring,92101,#92101,2,"North Coast and Nechako"
"Water and waste treatment plant operators",40,28.8,36.8,45.07,76398.056,"Realistic, Conventional, Investigative","Operation and Control, Operations Monitoring, Monitoring","Operation and Control","Operations Monitoring",Monitoring,92101,#92101,2,Northeast
"Central control and process operators, mineral and metal processing",50,38,45,56,103080.78,"Realistic, Conventional, Investigative","Operations Monitoring, Operation and Control, Monitoring","Operations Monitoring","Operation and Control",Monitoring,93100,#93100,3,Mainland/Southwest
"Central control and process operators, mineral and metal processing",50,38,45,56,103080.78,"Realistic, Conventional, Investigative","Operations Monitoring, Operation and Control, Monitoring","Operations Monitoring","Operation and Control",Monitoring,93100,#93100,3,Thompson-Okanagan
"Central control and process operators, mineral and metal processing",200,38,45,56,103080.78,"Realistic, Conventional, Investigative","Operations Monitoring, Operation and Control, Monitoring","Operations Monitoring","Operation and Control",Monitoring,93100,#93100,3,Kootenay
"Central control and process operators, petroleum, gas and chemical processing",70,24.73,51.12,81.73,121302.887457643,"Realistic, Conventional, Investigative","Operations Monitoring, Operation and Control, Monitoring","Operations Monitoring","Operation and Control",Monitoring,93101,#93101,3,Kootenay
"Central control and process operators, petroleum, gas and chemical processing",80,24.73,51.12,81.73,121302.887457643,"Realistic, Conventional, Investigative","Operations Monitoring, Operation and Control, Monitoring","Operations Monitoring","Operation and Control",Monitoring,93101,#93101,3,"North Coast and Nechako"
"Central control and process operators, petroleum, gas and chemical processing",240,24.73,51.12,81.73,121302.887457643,"Realistic, Conventional, Investigative","Operations Monitoring, Operation and Control, Monitoring","Operations Monitoring","Operation and Control",Monitoring,93101,#93101,3,Northeast
"Pulp mill, papermaking and finishing machine operators",50,26.96,38,47.98,85931.9530989011,"Realistic, Conventional, Investigative","Operations Monitoring, Operation and Control, Critical Thinking","Operations Monitoring","Operation and Control","Critical Thinking",94121,#94121,4,Kootenay
