#00010,Legislators,"Public Administration",79,490,"Health Care And Social Assistance",11,70,"Educational Services",7.000000000000001,50,"Repair, Personal And Non-Profit Services",2,10,"Professional, Scientific And Technical Services",1,10
#00018,"Senior managers - public and private sector","Professional, Scientific And Technical Services",44,5390,Construction,17,2040,"Finance, Insurance And Real Estate",17,2010,"Health Care And Social Assistance",12,1410,Manufacturing,11,1280
#10010,"Financial managers","Professional, Scientific And Technical Services",37,930,"Finance, Insurance And Real Estate",30,750,"Public Administration",13,320,"Health Care And Social Assistance",10,250,Construction,9,230
#10011,"Human resources managers","Professional, Scientific And Technical Services",35,630,"Health Care And Social Assistance",20,360,"Public Administration",18,330,"Finance, Insurance And Real Estate",15,270,Construction,13,230
#10012,"Purchasing managers","Wholesale Trade",26,280,Manufacturing,24,260,"Retail Trade",17,180,"Professional, Scientific And Technical Services",17,180,"Public Administration",16,170
#10019,"Other administrative services managers","Public Administration",78,1770,"Professional, Scientific And Technical Services",9,190,"Health Care And Social Assistance",5,110,Construction,5,110,"Retail Trade",4,80
#10020,"Insurance, real estate and financial brokerage managers","Finance, Insurance And Real Estate",96,3810,Construction,3,110,"Professional, Scientific And Technical Services",1,30,"Health Care And Social Assistance",0,10,"Business, Building And Other Support Services",0,10
#10021,"Banking, credit and other investment managers","Finance, Insurance And Real Estate",86,4100,"Retail Trade",9,420,"Professional, Scientific And Technical Services",3,140,"Wholesale Trade",1,50,"Business, Building And Other Support Services",1,40
#10022,"Advertising, marketing and public relations managers","Professional, Scientific And Technical Services",63,2730,"Retail Trade",13,580,"Information, Culture And Recreation",9,410,"Finance, Insurance And Real Estate",8,350,"Repair, Personal And Non-Profit Services",6,280
#10029,"Other business services managers","Professional, Scientific And Technical Services",43,440,"Business, Building And Other Support Services",26,270,Construction,16,160,"Transportation And Warehousing",8,90,"Finance, Insurance And Real Estate",7.000000000000001,80
#10030,"Telecommunication carriers managers","Information, Culture And Recreation",46,120,"Professional, Scientific And Technical Services",28.000000000000004,70,Construction,17,50,"Retail Trade",5,10,Manufacturing,4,10
#11100,"Financial auditors and accountants","Professional, Scientific And Technical Services",66,5590,"Finance, Insurance And Real Estate",14.000000000000002,1170,Construction,7.000000000000001,630,Manufacturing,6,550,"Public Administration",6,490
#11101,"Financial and investment analysts","Finance, Insurance And Real Estate",78,1310,"Professional, Scientific And Technical Services",9,150,"Public Administration",7.000000000000001,110,"Health Care And Social Assistance",4,70,Utilities,2,40
#11102,"Financial advisors","Finance, Insurance And Real Estate",92,4790,"Professional, Scientific And Technical Services",6,290,"Health Care And Social Assistance",1,60,"Retail Trade",1,30,Construction,1,30
#11103,"Securities agents, investment dealers and brokers","Finance, Insurance And Real Estate",97,1080,"Professional, Scientific And Technical Services",2,20,Construction,0,10,"Transportation And Warehousing",0,0,"Retail Trade",0,0
#11109,"Other financial officers","Finance, Insurance And Real Estate",92,1750,"Professional, Scientific And Technical Services",3,70,"Public Administration",3,60,"Health Care And Social Assistance",1,20,"Business, Building And Other Support Services",0,10
#11200,"Human resources professionals","Professional, Scientific And Technical Services",28.000000000000004,720,"Health Care And Social Assistance",24,620,"Public Administration",19,480,"Repair, Personal And Non-Profit Services",16,400,"Finance, Insurance And Real Estate",13,330
#11201,"Professional occupations in business management consulting","Professional, Scientific And Technical Services",71,2770,"Finance, Insurance And Real Estate",11,420,"Health Care And Social Assistance",9,340,"Public Administration",5,210,"Educational Services",4,140
#11202,"Professional occupations in advertising, marketing and public relations","Professional, Scientific And Technical Services",64,3410,"Information, Culture And Recreation",10,530,"Educational Services",9,500,"Retail Trade",8,440,"Repair, Personal And Non-Profit Services",8,420
#12010,"Supervisors, general office and administrative support workers","Health Care And Social Assistance",38,300,"Public Administration",25,200,"Professional, Scientific And Technical Services",14.000000000000002,110,"Transportation And Warehousing",14.000000000000002,110,"Wholesale Trade",10,80
#12011,"Supervisors, finance and insurance office workers","Finance, Insurance And Real Estate",43,250,"Professional, Scientific And Technical Services",24,140,"Public Administration",12,70,Construction,11,60,"Transportation And Warehousing",10,60
#12012,"Supervisors, library, correspondence and related information workers","Public Administration",67,120,"Information, Culture And Recreation",20,40,"Health Care And Social Assistance",6,10,"Professional, Scientific And Technical Services",4,10,Manufacturing,3,10
#12013,"Supervisors, supply chain, tracking and scheduling coordination occupations","Wholesale Trade",25,290,"Retail Trade",24,280,"Transportation And Warehousing",24,280,Manufacturing,20,230,"Health Care And Social Assistance",7.000000000000001,80
#12100,"Executive assistants","Finance, Insurance And Real Estate",25,470,"Professional, Scientific And Technical Services",25,470,"Public Administration",22,420,"Health Care And Social Assistance",16,290,"Educational Services",12,220
#12101,"Human resources and recruitment officers","Professional, Scientific And Technical Services",32,360,"Health Care And Social Assistance",27,310,"Business, Building And Other Support Services",24,280,"Public Administration",10,110,"Finance, Insurance And Real Estate",7.000000000000001,80
#12102,"Procurement and purchasing agents and officers",Manufacturing,25,430,"Public Administration",23,380,"Professional, Scientific And Technical Services",19,310,"Wholesale Trade",17,290,Construction,16,260
#12103,"Conference and event planners","Information, Culture And Recreation",31,260,"Repair, Personal And Non-Profit Services",30,250,"Educational Services",16,130,"Professional, Scientific And Technical Services",14.000000000000002,110,"Public Administration",9,70
#12104,"Employment insurance and revenue officers","Public Administration",99,1070,"Educational Services",1,10,N/A,N/A,N/A,N/A,N/A,N/A,N/A,N/A,N/A
#12110,"Court reporters, medical transcriptionists and related occupations","Business, Building And Other Support Services",47,250,"Health Care And Social Assistance",40,210,"Professional, Scientific And Technical Services",9,50,"Public Administration",3,20,"Educational Services",1,10
#12111,"Health information management occupations","Health Care And Social Assistance",88,270,"Public Administration",7.000000000000001,20,"Professional, Scientific And Technical Services",5,10,"Information, Culture And Recreation",1,0,N/A,N/A,N/A
#12112,"Records management technicians","Professional, Scientific And Technical Services",47,40,"Public Administration",27,20,Utilities,10,10,"Health Care And Social Assistance",8,10,"Business, Building And Other Support Services",8,10
#12113,"Statistical officers and related research support occupations","Professional, Scientific And Technical Services",61,90,"Health Care And Social Assistance",19,30,"Finance, Insurance And Real Estate",9,10,Manufacturing,6,10,"Retail Trade",5,10
#12200,"Accounting technicians and bookkeepers","Professional, Scientific And Technical Services",56.00000000000001,4140,Construction,18,1330,"Finance, Insurance And Real Estate",10,740,"Retail Trade",8,600,"Health Care And Social Assistance",8,560
#12201,"Insurance adjusters and claims examiners","Finance, Insurance And Real Estate",98,1600,"Public Administration",1,10,"Health Care And Social Assistance",0,10,"Transportation And Warehousing",0,10,"Retail Trade",0,0
#12202,"Insurance underwriters","Finance, Insurance And Real Estate",100,630,N/A,N/A,N/A,N/A,N/A,N/A,N/A,N/A,N/A,N/A,N/A,N/A
#12203,"Assessors, business valuators and appraisers","Finance, Insurance And Real Estate",69,420,"Public Administration",15,90,"Professional, Scientific And Technical Services",10,60,"Repair, Personal And Non-Profit Services",3,20,"Retail Trade",3,20
#13100,"Administrative officers","Health Care And Social Assistance",32,4160,"Professional, Scientific And Technical Services",22,2810,Construction,18,2340,"Educational Services",15,2000,"Finance, Insurance And Real Estate",13,1710
#13101,"Property administrators","Finance, Insurance And Real Estate",83,3880,Construction,7.000000000000001,310,"Health Care And Social Assistance",5,240,"Public Administration",3,130,"Business, Building And Other Support Services",2,110
#13102,"Payroll administrators","Professional, Scientific And Technical Services",28.999999999999996,420,"Health Care And Social Assistance",26,380,Construction,19,280,"Retail Trade",13,200,"Public Administration",13,190
#13110,"Administrative assistants","Health Care And Social Assistance",28.000000000000004,2270,"Educational Services",20,1640,"Professional, Scientific And Technical Services",19,1520,"Finance, Insurance And Real Estate",19,1490,Construction,14.000000000000002,1090
#13111,"Legal administrative assistants","Professional, Scientific And Technical Services",80,2120,"Finance, Insurance And Real Estate",15,410,"Public Administration",3,80,"Repair, Personal And Non-Profit Services",1,20,Construction,1,20
#13112,"Medical administrative assistants","Health Care And Social Assistance",97,2240,"Professional, Scientific And Technical Services",1,30,"Retail Trade",1,20,"Public Administration",1,10,"Educational Services",0,10
#13200,"Customs, ship and other brokers","Transportation And Warehousing",86,180,"Retail Trade",10,20,"Finance, Insurance And Real Estate",2,0,"Wholesale Trade",2,0,N/A,N/A,N/A
#13201,"Production and transportation logistics coordinators","Transportation And Warehousing",34,470,Manufacturing,25,340,"Information, Culture And Recreation",14.000000000000002,200,"Professional, Scientific And Technical Services",14.000000000000002,190,"Wholesale Trade",13,190
#14100,"General office support workers","Health Care And Social Assistance",51,3840,"Public Administration",15,1120,"Professional, Scientific And Technical Services",13,950,Construction,11,840,"Finance, Insurance And Real Estate",10,760
#14101,Receptionists,"Health Care And Social Assistance",77,6420,"Professional, Scientific And Technical Services",8,670,"Repair, Personal And Non-Profit Services",6,500,"Retail Trade",5,380,"Finance, Insurance And Real Estate",4,360
#14102,"Personnel clerks","Health Care And Social Assistance",62,300,"Public Administration",12,60,"Educational Services",11,60,"Professional, Scientific And Technical Services",7.000000000000001,40,"Business, Building And Other Support Services",7.000000000000001,30
#14103,"Court clerks and related court services occupations","Public Administration",100,130,N/A,N/A,N/A,N/A,N/A,N/A,N/A,N/A,N/A,N/A,N/A,N/A
#14110,"Survey interviewers and statistical clerks","Public Administration",56.00000000000001,170,"Professional, Scientific And Technical Services",25,70,Utilities,9,30,"Business, Building And Other Support Services",8,20,"Health Care And Social Assistance",2,10
#14111,"Data entry clerks","Health Care And Social Assistance",38,280,"Professional, Scientific And Technical Services",25,180,"Finance, Insurance And Real Estate",17,120,"Retail Trade",11,80,Construction,9,60
#14112,"Desktop publishing operators and related occupations","Transportation And Warehousing",44,10,Manufacturing,37,0,"Information, Culture And Recreation",19,0,N/A,N/A,N/A,N/A,N/A,N/A
#14200,"Accounting and related clerks","Professional, Scientific And Technical Services",40,2250,Construction,19,1080,"Finance, Insurance And Real Estate",16,900,"Retail Trade",13,710,"Health Care And Social Assistance",12,660
#14201,"Banking, insurance and other financial clerks","Finance, Insurance And Real Estate",96,780,"Public Administration",2,20,"Professional, Scientific And Technical Services",1,10,"Repair, Personal And Non-Profit Services",1,10,"Business, Building And Other Support Services",1,0
#14202,"Collection clerks","Finance, Insurance And Real Estate",27,80,"Business, Building And Other Support Services",24,70,"Professional, Scientific And Technical Services",21,60,"Wholesale Trade",15,50,"Public Administration",12,40
#14300,"Library assistants and clerks","Information, Culture And Recreation",96,390,"Professional, Scientific And Technical Services",3,10,"Educational Services",1,10,N/A,N/A,N/A,N/A,N/A,N/A
#14301,"Correspondence, publication and regulatory clerks","Public Administration",44,290,"Health Care And Social Assistance",21,140,"Professional, Scientific And Technical Services",17,110,"Finance, Insurance And Real Estate",10,70,"Transportation And Warehousing",7.000000000000001,50
#14400,"Shippers and receivers","Retail Trade",39,1460,"Wholesale Trade",26,970,Manufacturing,21,800,"Transportation And Warehousing",9,350,"Professional, Scientific And Technical Services",4,140
#14401,"Storekeepers and partspersons","Retail Trade",50,740,"Wholesale Trade",27,400,"Health Care And Social Assistance",10,150,Manufacturing,7.000000000000001,100,"Repair, Personal And Non-Profit Services",6,90
#14402,"Production logistics workers","Health Care And Social Assistance",32,100,Manufacturing,27,80,"Professional, Scientific And Technical Services",19,60,"Retail Trade",13,40,"Transportation And Warehousing",9,30
#14403,"Purchasing and inventory control workers","Retail Trade",41,470,"Wholesale Trade",20,220,Manufacturing,17,200,"Health Care And Social Assistance",15,170,"Professional, Scientific And Technical Services",8,90
#14404,Dispatchers,"Transportation And Warehousing",36,350,"Public Administration",33,320,"Health Care And Social Assistance",14.000000000000002,140,Construction,12,120,"Business, Building And Other Support Services",5,50
#14405,"Transportation route and crew schedulers","Transportation And Warehousing",73,110,"Health Care And Social Assistance",16,20,"Professional, Scientific And Technical Services",4,10,Construction,3,10,"Business, Building And Other Support Services",3,0
#20010,"Engineering managers","Professional, Scientific And Technical Services",69,1430,Manufacturing,14.000000000000002,280,"Public Administration",6,130,Construction,6,120,"Mining And Oil And Gas Extraction",5,100
#20011,"Architecture and science managers","Professional, Scientific And Technical Services",52,450,"Educational Services",16,140,"Public Administration",12,100,Manufacturing,10,90,"Health Care And Social Assistance",10,90
#20012,"Computer and information systems managers","Professional, Scientific And Technical Services",81,5960,"Information, Culture And Recreation",7.000000000000001,530,"Finance, Insurance And Real Estate",4,320,"Public Administration",4,290,"Retail Trade",4,270
#21100,"Physicists and astronomers","Professional, Scientific And Technical Services",61,120,"Health Care And Social Assistance",20,40,"Public Administration",9,20,"Educational Services",6,10,Manufacturing,4,10
#21101,Chemists,"Professional, Scientific And Technical Services",53,310,Manufacturing,21,120,"Health Care And Social Assistance",16,100,"Wholesale Trade",6,30,"Educational Services",5,30
#21102,"Geoscientists and oceanographers","Professional, Scientific And Technical Services",54,540,"Mining And Oil And Gas Extraction",39,390,"Public Administration",4,40,Construction,2,20,"Educational Services",1,10
#21103,"Meteorologists and climatologists","Public Administration",71,20,"Professional, Scientific And Technical Services",15,0,Utilities,14.000000000000002,0,N/A,N/A,N/A,N/A,N/A,N/A
#21109,"Other professional occupations in physical sciences","Mining And Oil And Gas Extraction",55.00000000000001,10,"Professional, Scientific And Technical Services",45,10,N/A,N/A,N/A,N/A,N/A,N/A,N/A,N/A,N/A
#21110,"Biologists and related scientists","Professional, Scientific And Technical Services",56.99999999999999,890,"Public Administration",14.000000000000002,210,"Health Care And Social Assistance",13,200,Manufacturing,9,150,"Educational Services",8,120
#21111,"Forestry professionals","Professional, Scientific And Technical Services",42,280,"Forestry, Logging And Support Activities",35,240,"Public Administration",15,100,Manufacturing,7.000000000000001,50,"Information, Culture And Recreation",1,10
#21112,"Agricultural representatives, consultants and specialists","Professional, Scientific And Technical Services",52,40,"Public Administration",19,10,"Wholesale Trade",12,10,"Business, Building And Other Support Services",10,10,Construction,8,10
#21120,"Public and environmental health and safety professionals","Health Care And Social Assistance",38,290,"Public Administration",22,170,"Professional, Scientific And Technical Services",21,160,Construction,10,80,Manufacturing,9,70
#21200,Architects,"Professional, Scientific And Technical Services",93,1390,Construction,5,80,"Finance, Insurance And Real Estate",1,20,"Retail Trade",0,10,"Public Administration",0,10
#21201,"Landscape architects","Professional, Scientific And Technical Services",92,120,"Public Administration",7.000000000000001,10,"Business, Building And Other Support Services",1,0,N/A,N/A,N/A,N/A,N/A,N/A
#21202,"Urban and land use planners","Public Administration",54,510,"Professional, Scientific And Technical Services",25,240,Construction,8,70,"Transportation And Warehousing",7.000000000000001,70,"Mining And Oil And Gas Extraction",6,60
#21203,"Land surveyors","Professional, Scientific And Technical Services",79,400,Construction,15,70,"Public Administration",5,20,"Mining And Oil And Gas Extraction",1,10,"Finance, Insurance And Real Estate",1,0
#21210,"Mathematicians, statisticians and actuaries","Professional, Scientific And Technical Services",37,90,"Finance, Insurance And Real Estate",23,60,"Health Care And Social Assistance",21,50,"Educational Services",15,40,"Public Administration",4,10
#21211,"Data scientists","Professional, Scientific And Technical Services",77,630,"Finance, Insurance And Real Estate",13,100,"Information, Culture And Recreation",4,40,"Health Care And Social Assistance",3,30,"Retail Trade",3,20
#21220,"Cybersecurity specialists","Professional, Scientific And Technical Services",78,450,"Finance, Insurance And Real Estate",11,60,"Public Administration",6,40,"Business, Building And Other Support Services",3,20,"Retail Trade",3,10
#21221,"Business systems specialists","Professional, Scientific And Technical Services",63,1060,"Health Care And Social Assistance",13,230,"Finance, Insurance And Real Estate",12,190,"Public Administration",8,130,"Educational Services",4,70
#21222,"Information systems specialists","Professional, Scientific And Technical Services",82,6220,"Health Care And Social Assistance",7.000000000000001,550,"Finance, Insurance And Real Estate",4,330,"Public Administration",4,300,"Educational Services",3,220
#21223,"Database analysts and data administrators","Professional, Scientific And Technical Services",67,630,"Finance, Insurance And Real Estate",10,90,"Public Administration",9,90,"Health Care And Social Assistance",8,70,"Educational Services",7.000000000000001,60
#21230,"Computer systems developers and programmers","Professional, Scientific And Technical Services",84,1550,"Finance, Insurance And Real Estate",5,90,"Information, Culture And Recreation",4,70,"Public Administration",4,70,"Educational Services",3,60
#21231,"Software engineers and designers","Professional, Scientific And Technical Services",86,8720,"Information, Culture And Recreation",5,490,"Retail Trade",4,370,"Wholesale Trade",3,340,"Finance, Insurance And Real Estate",2,170
#21232,"Software developers and programmers","Professional, Scientific And Technical Services",91,7520,"Information, Culture And Recreation",3,290,"Finance, Insurance And Real Estate",2,200,"Retail Trade",1,120,"Wholesale Trade",1,110
#21233,"Web designers","Professional, Scientific And Technical Services",94,1400,"Retail Trade",2,40,"Educational Services",1,20,"Health Care And Social Assistance",1,20,"Information, Culture And Recreation",1,10
#21234,"Web developers and programmers","Professional, Scientific And Technical Services",92,4240,"Retail Trade",2,110,"Finance, Insurance And Real Estate",2,100,"Information, Culture And Recreation",2,80,"Educational Services",2,70
#21300,"Civil engineers","Professional, Scientific And Technical Services",68,2610,Construction,17,650,"Public Administration",9,320,Utilities,4,150,Manufacturing,2,80
#21301,"Mechanical engineers","Professional, Scientific And Technical Services",64,1260,Manufacturing,23,460,Construction,6,120,Utilities,4,70,"Wholesale Trade",3,60
#21310,"Electrical and electronics engineers","Professional, Scientific And Technical Services",66,1670,Manufacturing,12,300,Utilities,12,300,Construction,7.000000000000001,170,"Wholesale Trade",4,100
#21311,"Computer engineers (except software engineers and designers)","Professional, Scientific And Technical Services",84,1080,"Wholesale Trade",5,60,"Information, Culture And Recreation",5,60,Manufacturing,4,50,"Retail Trade",3,40
#21320,"Chemical engineers","Professional, Scientific And Technical Services",56.00000000000001,170,Manufacturing,32,100,"Mining And Oil And Gas Extraction",6,20,Utilities,3,10,"Wholesale Trade",3,10
#21321,"Industrial and manufacturing engineers","Professional, Scientific And Technical Services",46,220,Manufacturing,39,180,Construction,7.000000000000001,30,"Wholesale Trade",4,20,Utilities,4,20
#21322,"Metallurgical and materials engineers","Professional, Scientific And Technical Services",61,50,Manufacturing,20,20,"Mining And Oil And Gas Extraction",15,10,"Educational Services",5,0,N/A,N/A,N/A
#21330,"Mining engineers","Mining And Oil And Gas Extraction",57.99999999999999,130,"Professional, Scientific And Technical Services",37,90,"Business, Building And Other Support Services",3,10,"Wholesale Trade",1,0,Manufacturing,1,0
#21331,"Geological engineers","Professional, Scientific And Technical Services",94,370,"Mining And Oil And Gas Extraction",5,20,"Public Administration",1,0,N/A,N/A,N/A,N/A,N/A,N/A
#21332,"Petroleum engineers","Mining And Oil And Gas Extraction",55.00000000000001,30,"Professional, Scientific And Technical Services",45,20,N/A,N/A,N/A,N/A,N/A,N/A,N/A,N/A,N/A
#21390,"Aerospace engineers",Manufacturing,44,40,"Transportation And Warehousing",33,30,"Professional, Scientific And Technical Services",20,20,"Public Administration",3,0,N/A,N/A,N/A
#21399,"Other professional engineers","Transportation And Warehousing",47,280,"Professional, Scientific And Technical Services",30,180,Manufacturing,13,80,"Public Administration",6,40,"Health Care And Social Assistance",5,30
#22100,"Chemical technologists and technicians","Professional, Scientific And Technical Services",48,140,Manufacturing,36,110,"Retail Trade",6,20,"Educational Services",6,20,"Wholesale Trade",4,10
#22101,"Geological and mineral technologists and technicians","Mining And Oil And Gas Extraction",60,290,"Professional, Scientific And Technical Services",31,150,Manufacturing,4,20,"Public Administration",3,20,Construction,2,10
#22110,"Biological technologists and technicians","Professional, Scientific And Technical Services",45,110,"Public Administration",28.000000000000004,70,Manufacturing,15,40,"Agriculture And Fishing",7.000000000000001,20,"Educational Services",5,10
#22111,"Agricultural and fish products inspectors","Public Administration",48,50,"Professional, Scientific And Technical Services",21,20,"Wholesale Trade",15,20,Manufacturing,11,10,"Transportation And Warehousing",5,10
#22112,"Forestry technologists and technicians","Forestry, Logging And Support Activities",47,260,"Professional, Scientific And Technical Services",33,180,"Public Administration",15,80,Manufacturing,3,20,"Information, Culture And Recreation",2,10
#22113,"Conservation and fishery officers","Public Administration",68,140,"Information, Culture And Recreation",17,40,"Agriculture And Fishing",12,20,"Repair, Personal And Non-Profit Services",2,0,"Educational Services",2,0
#22114,"Landscape and horticulture technicians and specialists","Business, Building And Other Support Services",50,560,"Information, Culture And Recreation",23,260,"Public Administration",13,140,"Professional, Scientific And Technical Services",10,110,"Educational Services",4,40
#22210,"Architectural technologists and technicians","Professional, Scientific And Technical Services",89,670,Construction,9,70,"Educational Services",1,10,"Finance, Insurance And Real Estate",1,10,"Accommodation And Food Services",1,10
#22211,"Industrial designers","Professional, Scientific And Technical Services",75,380,Manufacturing,9,50,"Retail Trade",7.000000000000001,40,Construction,6,30,"Wholesale Trade",2,10
#22212,"Drafting technologists and technicians","Professional, Scientific And Technical Services",70,1120,Construction,14.000000000000002,230,Manufacturing,12,190,Utilities,2,40,"Wholesale Trade",2,20
#22213,"Land survey technologists and technicians","Professional, Scientific And Technical Services",85,150,"Public Administration",8,10,Construction,7.000000000000001,10,N/A,N/A,N/A,N/A,N/A,N/A
#22214,"Technical occupations in geomatics and meteorology","Professional, Scientific And Technical Services",60,400,"Public Administration",30,200,"Forestry, Logging And Support Activities",4,30,"Mining And Oil And Gas Extraction",3,20,Utilities,3,20
#22220,"Computer network and web technicians","Professional, Scientific And Technical Services",71,2170,"Educational Services",9,280,"Health Care And Social Assistance",8,240,"Public Administration",6,170,"Finance, Insurance And Real Estate",6,170
#22221,"User support technicians","Professional, Scientific And Technical Services",79,2340,"Educational Services",7.000000000000001,190,"Information, Culture And Recreation",6,180,"Finance, Insurance And Real Estate",4,130,"Public Administration",4,120
#22222,"Information systems testing technicians","Professional, Scientific And Technical Services",89,620,"Information, Culture And Recreation",4,30,"Finance, Insurance And Real Estate",4,30,"Wholesale Trade",2,10,"Health Care And Social Assistance",2,10
#22230,"Non-destructive testers and inspectors","Professional, Scientific And Technical Services",73,170,"Mining And Oil And Gas Extraction",12,30,Construction,8,20,Manufacturing,4,10,"Transportation And Warehousing",3,10
#22231,"Engineering inspectors and regulatory officers","Professional, Scientific And Technical Services",42,80,"Public Administration",22,40,Manufacturing,16,30,Utilities,11,20,"Transportation And Warehousing",9,20
#22232,"Occupational health and safety specialists",Construction,28.000000000000004,200,"Professional, Scientific And Technical Services",25,170,"Finance, Insurance And Real Estate",18,120,"Health Care And Social Assistance",15,100,"Public Administration",14.000000000000002,100
#22233,"Construction inspectors",Construction,36,420,"Professional, Scientific And Technical Services",32,380,"Public Administration",23,270,"Mining And Oil And Gas Extraction",5,60,"Finance, Insurance And Real Estate",4,40
#22300,"Civil engineering technologists and technicians","Professional, Scientific And Technical Services",64,660,"Public Administration",18,180,Construction,13,130,Utilities,4,40,"Transportation And Warehousing",1,10
#22301,"Mechanical engineering technologists and technicians","Professional, Scientific And Technical Services",47,530,Manufacturing,28.999999999999996,330,Construction,15,170,"Transportation And Warehousing",5,50,"Wholesale Trade",4,40
#22302,"Industrial engineering and manufacturing technologists and technicians",Manufacturing,50,260,"Professional, Scientific And Technical Services",22,110,Construction,16,80,"Public Administration",6,30,"Wholesale Trade",6,30
#22303,"Construction estimators",Construction,81,1240,"Professional, Scientific And Technical Services",8,130,Manufacturing,6,100,"Wholesale Trade",3,40,"Retail Trade",2,30
#22310,"Electrical and electronics engineering technologists and technicians","Professional, Scientific And Technical Services",30,490,"Health Care And Social Assistance",23,370,Construction,19,300,Manufacturing,17,270,Utilities,11,180
#22311,"Electronic service technicians (household and business equipment)","Professional, Scientific And Technical Services",31,690,Construction,21,450,"Retail Trade",17,380,"Repair, Personal And Non-Profit Services",17,370,"Wholesale Trade",14.000000000000002,300
#22312,"Industrial instrument technicians and mechanics","Mining And Oil And Gas Extraction",45,120,Manufacturing,28.999999999999996,80,"Professional, Scientific And Technical Services",16,40,Construction,7.000000000000001,20,"Public Administration",4,10
#22313,"Aircraft instrument, electrical and avionics mechanics, technicians and inspectors","Transportation And Warehousing",68,160,Manufacturing,19,40,"Public Administration",9,20,"Professional, Scientific And Technical Services",4,10,N/A,N/A,N/A
#30010,"Managers in health care","Health Care And Social Assistance",99,4200,"Public Administration",0,10,"Professional, Scientific And Technical Services",0,10,"Finance, Insurance And Real Estate",0,10,"Wholesale Trade",0,10
#31100,"Specialists in clinical and laboratory medicine","Health Care And Social Assistance",100,3030,Manufacturing,0,0,N/A,N/A,N/A,N/A,N/A,N/A,N/A,N/A,N/A
#31101,"Specialists in surgery","Health Care And Social Assistance",100,960,"Educational Services",0,0,N/A,N/A,N/A,N/A,N/A,N/A,N/A,N/A,N/A
#31102,"General practitioners and family physicians","Health Care And Social Assistance",98,4170,"Educational Services",1,60,"Professional, Scientific And Technical Services",0,10,N/A,N/A,N/A,N/A,N/A,N/A
#31103,Veterinarians,"Professional, Scientific And Technical Services",97,690,"Public Administration",3,20,"Agriculture And Fishing",0,0,N/A,N/A,N/A,N/A,N/A,N/A
#31110,Dentists,"Health Care And Social Assistance",100,1790,"Educational Services",0,0,"Public Administration",0,0,N/A,N/A,N/A,N/A,N/A,N/A
#31111,Optometrists,"Health Care And Social Assistance",97,470,"Retail Trade",3,10,N/A,N/A,N/A,N/A,N/A,N/A,N/A,N/A,N/A
#31112,"Audiologists and speech-language pathologists","Health Care And Social Assistance",83,580,"Educational Services",15,100,"Retail Trade",2,10,"Public Administration",0,0,N/A,N/A,N/A
#31120,Pharmacists,"Retail Trade",67,1800,"Health Care And Social Assistance",31,830,"Professional, Scientific And Technical Services",1,20,"Public Administration",1,10,Manufacturing,0,10
#31121,"Dietitians and nutritionists","Health Care And Social Assistance",91,680,"Retail Trade",3,30,"Professional, Scientific And Technical Services",2,20,"Educational Services",1,10,"Wholesale Trade",1,10
#31200,Psychologists,"Health Care And Social Assistance",84,820,"Educational Services",13,130,"Public Administration",1,10,"Professional, Scientific And Technical Services",1,10,"Finance, Insurance And Real Estate",0,0
#31201,Chiropractors,"Health Care And Social Assistance",99,700,Construction,1,0,N/A,N/A,N/A,N/A,N/A,N/A,N/A,N/A,N/A
#31202,Physiotherapists,"Health Care And Social Assistance",99,2380,"Educational Services",0,10,"Information, Culture And Recreation",0,0,"Repair, Personal And Non-Profit Services",0,0,"Finance, Insurance And Real Estate",0,0
#31203,"Occupational therapists","Health Care And Social Assistance",98,1390,"Educational Services",1,20,"Finance, Insurance And Real Estate",1,10,"Professional, Scientific And Technical Services",0,0,N/A,N/A,N/A
#31204,"Kinesiologists and other professional occupations in therapy and assessment","Health Care And Social Assistance",86,640,"Information, Culture And Recreation",11,80,"Educational Services",2,10,"Finance, Insurance And Real Estate",1,10,"Repair, Personal And Non-Profit Services",1,0
#31209,"Other professional occupations in health diagnosing and treating","Health Care And Social Assistance",100,450,N/A,N/A,N/A,N/A,N/A,N/A,N/A,N/A,N/A,N/A,N/A,N/A
#31300,"Nursing coordinators and supervisors","Health Care And Social Assistance",100,1370,N/A,N/A,N/A,N/A,N/A,N/A,N/A,N/A,N/A,N/A,N/A,N/A
#31301,"Registered nurses and registered psychiatric nurses","Health Care And Social Assistance",99,25150,"Public Administration",0,90,"Professional, Scientific And Technical Services",0,80,"Educational Services",0,70,"Repair, Personal And Non-Profit Services",0,50
#31302,"Nurse practitioners","Health Care And Social Assistance",99,380,"Educational Services",1,0,N/A,N/A,N/A,N/A,N/A,N/A,N/A,N/A,N/A
#31303,"Physician assistants, midwives and allied health professionals","Health Care And Social Assistance",90,140,"Educational Services",9,10,"Public Administration",2,0,N/A,N/A,N/A,N/A,N/A,N/A
#32100,Opticians,"Retail Trade",67,440,"Health Care And Social Assistance",32,210,Manufacturing,1,10,N/A,N/A,N/A,N/A,N/A,N/A
#32101,"Licensed practical nurses","Health Care And Social Assistance",99,4460,"Retail Trade",0,20,"Public Administration",0,10,"Educational Services",0,10,"Repair, Personal And Non-Profit Services",0,0
#32102,"Paramedical occupations","Health Care And Social Assistance",96,1630,"Public Administration",2,30,"Educational Services",1,10,"Wholesale Trade",1,10,"Professional, Scientific And Technical Services",1,10
#32103,"Respiratory therapists, clinical perfusionists and cardiopulmonary technologists","Health Care And Social Assistance",98,890,"Retail Trade",1,10,"Information, Culture And Recreation",1,10,"Wholesale Trade",0,0,N/A,N/A,N/A
#32104,"Animal health technologists and veterinary technicians","Professional, Scientific And Technical Services",97,930,"Educational Services",2,20,"Repair, Personal And Non-Profit Services",1,10,"Health Care And Social Assistance",0,0,"Public Administration",0,0
#32109,"Other technical occupations in therapy and assessment","Health Care And Social Assistance",90,910,"Retail Trade",6,60,"Educational Services",2,20,"Professional, Scientific And Technical Services",1,10,"Business, Building And Other Support Services",0,0
#32110,Denturists,"Health Care And Social Assistance",94,80,Manufacturing,6,10,N/A,N/A,N/A,N/A,N/A,N/A,N/A,N/A,N/A
#32111,"Dental hygienists and dental therapists","Health Care And Social Assistance",99,1790,"Educational Services",0,10,"Accommodation And Food Services",0,0,"Business, Building And Other Support Services",0,0,"Repair, Personal And Non-Profit Services",0,0
#32112,"Dental technologists and technicians","Health Care And Social Assistance",62,210,Manufacturing,33,110,"Wholesale Trade",5,20,N/A,N/A,N/A,N/A,N/A,N/A
#32120,"Medical laboratory technologists","Health Care And Social Assistance",98,1630,"Professional, Scientific And Technical Services",1,20,"Educational Services",0,0,Manufacturing,0,0,"Public Administration",0,0
#32121,"Medical radiation technologists","Health Care And Social Assistance",99,1640,"Wholesale Trade",0,10,"Professional, Scientific And Technical Services",0,10,"Educational Services",0,10,"Public Administration",0,0
#32122,"Medical sonographers","Health Care And Social Assistance",99,560,"Professional, Scientific And Technical Services",1,10,N/A,N/A,N/A,N/A,N/A,N/A,N/A,N/A,N/A
#32123,"Cardiology technologists and electrophysiological diagnostic technologists","Health Care And Social Assistance",100,330,N/A,N/A,N/A,N/A,N/A,N/A,N/A,N/A,N/A,N/A,N/A,N/A
#32124,"Pharmacy technicians","Retail Trade",53,660,"Health Care And Social Assistance",47,590,N/A,N/A,N/A,N/A,N/A,N/A,N/A,N/A,N/A
#32129,"Other medical technologists and technicians","Health Care And Social Assistance",71,120,Manufacturing,19,30,"Accommodation And Food Services",6,10,"Retail Trade",4,10,N/A,N/A,N/A
#32200,"Traditional Chinese medicine practitioners and acupuncturists","Health Care And Social Assistance",97,670,"Repair, Personal And Non-Profit Services",1,10,"Retail Trade",1,10,"Educational Services",0,0,"Business, Building And Other Support Services",0,0
#32201,"Massage therapists","Health Care And Social Assistance",90,2960,"Repair, Personal And Non-Profit Services",8,280,"Educational Services",1,30,"Accommodation And Food Services",1,20,"Professional, Scientific And Technical Services",0,10
#32209,"Other practitioners of natural healing","Health Care And Social Assistance",81,390,"Repair, Personal And Non-Profit Services",9,40,"Retail Trade",8,40,"Information, Culture And Recreation",1,10,"Professional, Scientific And Technical Services",1,0
#33100,"Dental assistants and dental laboratory assistants","Health Care And Social Assistance",98,2740,Manufacturing,1,40,"Educational Services",0,10,Construction,0,10,"Public Administration",0,10
#33101,"Medical laboratory assistants and related technical occupations","Health Care And Social Assistance",97,1930,"Professional, Scientific And Technical Services",2,30,"Educational Services",1,10,Manufacturing,0,10,"Retail Trade",0,0
#33102,"Nurse aides, orderlies and patient service associates","Health Care And Social Assistance",95,18920,"Repair, Personal And Non-Profit Services",4,780,"Finance, Insurance And Real Estate",0,50,"Business, Building And Other Support Services",0,50,"Transportation And Warehousing",0,50
#33103,"Pharmacy technical assistants and pharmacy assistants","Retail Trade",92,1220,"Health Care And Social Assistance",7.000000000000001,100,"Professional, Scientific And Technical Services",0,0,"Business, Building And Other Support Services",0,0,Manufacturing,0,0
#33109,"Other assisting occupations in support of health services","Health Care And Social Assistance",95,2400,"Retail Trade",3,70,"Professional, Scientific And Technical Services",1,30,Manufacturing,1,20,"Wholesale Trade",1,10
#40010,"Government managers - health and social policy development and program administration","Public Administration",91,420,"Health Care And Social Assistance",7.000000000000001,30,"Professional, Scientific And Technical Services",2,10,N/A,N/A,N/A,N/A,N/A,N/A
#40011,"Government managers - economic analysis, policy development and program administration","Public Administration",93,630,"Professional, Scientific And Technical Services",2,20,"Educational Services",1,10,"Wholesale Trade",1,10,"Business, Building And Other Support Services",1,10
#40012,"Government managers - education policy development and program administration","Public Administration",88,80,"Educational Services",12,10,N/A,N/A,N/A,N/A,N/A,N/A,N/A,N/A,N/A
#40019,"Other managers in public administration","Public Administration",100,260,N/A,N/A,N/A,N/A,N/A,N/A,N/A,N/A,N/A,N/A,N/A,N/A
#40020,"Administrators - post-secondary education and vocational training","Educational Services",95,1560,"Professional, Scientific And Technical Services",2,30,"Repair, Personal And Non-Profit Services",1,20,"Public Administration",1,20,"Health Care And Social Assistance",1,10
#40021,"School principals and administrators of elementary and secondary education","Educational Services",100,2240,N/A,N/A,N/A,N/A,N/A,N/A,N/A,N/A,N/A,N/A,N/A,N/A
#40030,"Managers in social, community and correctional services","Health Care And Social Assistance",75,2100,"Repair, Personal And Non-Profit Services",13,370,"Public Administration",6,170,"Educational Services",3,90,"Professional, Scientific And Technical Services",2,60
#40040,"Commissioned police officers and related occupations in public protection services","Public Administration",100,90,N/A,N/A,N/A,N/A,N/A,N/A,N/A,N/A,N/A,N/A,N/A,N/A
#40041,"Fire chiefs and senior firefighting officers","Public Administration",100,390,N/A,N/A,N/A,N/A,N/A,N/A,N/A,N/A,N/A,N/A,N/A,N/A
#40042,"Commissioned officers of the Canadian Armed Forces","Public Administration",97,430,"Health Care And Social Assistance",2,10,"Business, Building And Other Support Services",1,0,N/A,N/A,N/A,N/A,N/A,N/A
#41100,Judges,"Public Administration",94,90,"Professional, Scientific And Technical Services",6,10,N/A,N/A,N/A,N/A,N/A,N/A,N/A,N/A,N/A
#41101,"Lawyers and Quebec notaries","Professional, Scientific And Technical Services",90,4050,"Public Administration",4,200,"Finance, Insurance And Real Estate",3,140,"Repair, Personal And Non-Profit Services",1,60,Construction,1,30
#41200,"University professors and lecturers","Educational Services",100,4850,"Public Administration",0,10,N/A,N/A,N/A,N/A,N/A,N/A,N/A,N/A,N/A
#41201,"Post-secondary teaching and research assistants","Educational Services",94,3060,"Professional, Scientific And Technical Services",3,100,"Health Care And Social Assistance",3,80,"Retail Trade",0,10,Manufacturing,0,10
#41210,"College and other vocational instructors","Educational Services",78,3210,"Health Care And Social Assistance",11,450,"Professional, Scientific And Technical Services",6,260,"Public Administration",3,110,"Repair, Personal And Non-Profit Services",3,110
#41220,"Secondary school teachers","Educational Services",99,5130,"Public Administration",0,20,"Health Care And Social Assistance",0,10,"Repair, Personal And Non-Profit Services",0,10,Manufacturing,0,0
#41221,"Elementary school and kindergarten teachers","Educational Services",99,9470,"Public Administration",0,30,"Health Care And Social Assistance",0,10,"Repair, Personal And Non-Profit Services",0,10,"Professional, Scientific And Technical Services",0,10
#41300,"Social workers","Health Care And Social Assistance",83,2640,"Public Administration",11,340,"Finance, Insurance And Real Estate",4,130,"Repair, Personal And Non-Profit Services",1,50,"Educational Services",1,40
#41301,"Therapists in counselling and related specialized therapies","Health Care And Social Assistance",95,3540,"Educational Services",1,50,"Professional, Scientific And Technical Services",1,40,"Public Administration",1,40,"Repair, Personal And Non-Profit Services",1,30
#41302,"Religious leaders","Repair, Personal And Non-Profit Services",95,1340,"Health Care And Social Assistance",3,40,"Professional, Scientific And Technical Services",1,20,"Public Administration",1,10,"Educational Services",1,10
#41310,"Police investigators and other investigative occupations","Public Administration",100,140,N/A,N/A,N/A,N/A,N/A,N/A,N/A,N/A,N/A,N/A,N/A,N/A
#41311,"Probation and parole officers","Public Administration",100,150,N/A,N/A,N/A,N/A,N/A,N/A,N/A,N/A,N/A,N/A,N/A,N/A
#41320,"Educational counsellors","Educational Services",93,1520,"Health Care And Social Assistance",3,50,"Professional, Scientific And Technical Services",2,20,"Public Administration",1,20,"Repair, Personal And Non-Profit Services",1,10
#41321,"Career development practitioners and career counsellors (except education)","Health Care And Social Assistance",53,330,"Business, Building And Other Support Services",25,150,"Finance, Insurance And Real Estate",9,60,"Repair, Personal And Non-Profit Services",7.000000000000001,40,"Educational Services",5,30
#41400,"Natural and applied science policy researchers, consultants and program officers","Professional, Scientific And Technical Services",53,680,"Public Administration",32,420,"Health Care And Social Assistance",5,70,"Mining And Oil And Gas Extraction",5,70,"Repair, Personal And Non-Profit Services",5,60
#41401,"Economists and economic policy researchers and analysts","Finance, Insurance And Real Estate",35,180,"Professional, Scientific And Technical Services",28.999999999999996,150,"Public Administration",26,130,"Health Care And Social Assistance",6,30,"Educational Services",5,20
#41402,"Business development officers and market researchers and analysts","Professional, Scientific And Technical Services",64,950,"Finance, Insurance And Real Estate",13,190,Manufacturing,9,130,"Retail Trade",8,110,"Wholesale Trade",7.000000000000001,110
#41403,"Social policy researchers, consultants and program officers","Professional, Scientific And Technical Services",35,530,"Public Administration",33,500,"Health Care And Social Assistance",22,340,"Repair, Personal And Non-Profit Services",6,90,"Finance, Insurance And Real Estate",4,60
#41404,"Health policy researchers, consultants and program officers","Health Care And Social Assistance",68,1060,"Professional, Scientific And Technical Services",14.000000000000002,220,"Public Administration",8,130,"Repair, Personal And Non-Profit Services",5,80,"Educational Services",5,80
#41405,"Education policy researchers, consultants and program officers","Educational Services",74,890,"Health Care And Social Assistance",10,120,"Professional, Scientific And Technical Services",7.000000000000001,80,"Public Administration",6,80,"Information, Culture And Recreation",4,50
#41406,"Recreation, sports and fitness policy researchers, consultants and program officers","Information, Culture And Recreation",64,400,"Health Care And Social Assistance",21,130,"Public Administration",8,50,"Educational Services",4,20,"Repair, Personal And Non-Profit Services",3,20
#41407,"Program officers unique to government","Public Administration",94,220,"Professional, Scientific And Technical Services",3,10,"Transportation And Warehousing",2,0,"Repair, Personal And Non-Profit Services",1,0,N/A,N/A,N/A
#41409,"Other professional occupations in social science","Professional, Scientific And Technical Services",51,170,"Health Care And Social Assistance",18,60,"Public Administration",16,50,"Information, Culture And Recreation",9,30,"Educational Services",6,20
#42100,"Police officers (except commissioned)","Public Administration",99,3200,"Educational Services",0,10,"Finance, Insurance And Real Estate",0,10,"Transportation And Warehousing",0,10,"Professional, Scientific And Technical Services",0,10
#42101,Firefighters,"Public Administration",95,1760,Construction,2,30,"Transportation And Warehousing",2,30,Manufacturing,1,20,"Mining And Oil And Gas Extraction",1,10
#42102,"Specialized members of the Canadian Armed Forces","Public Administration",100,70,N/A,N/A,N/A,N/A,N/A,N/A,N/A,N/A,N/A,N/A,N/A,N/A
#42200,"Paralegals and related occupations","Public Administration",71,830,"Professional, Scientific And Technical Services",27,320,"Finance, Insurance And Real Estate",2,20,"Educational Services",0,0,"Repair, Personal And Non-Profit Services",0,0
#42201,"Social and community service workers","Health Care And Social Assistance",87,11420,"Repair, Personal And Non-Profit Services",4,550,"Public Administration",4,530,"Educational Services",3,440,"Finance, Insurance And Real Estate",1,140
#42202,"Early childhood educators and assistants","Health Care And Social Assistance",89,10510,"Educational Services",8,910,"Information, Culture And Recreation",2,200,"Repair, Personal And Non-Profit Services",1,130,"Public Administration",1,70
#42203,"Instructors of persons with disabilities","Health Care And Social Assistance",77,420,"Educational Services",21,110,"Professional, Scientific And Technical Services",1,10,"Information, Culture And Recreation",1,0,"Repair, Personal And Non-Profit Services",1,0
#42204,"Religion workers","Repair, Personal And Non-Profit Services",71,230,"Health Care And Social Assistance",21,70,"Educational Services",5,10,"Professional, Scientific And Technical Services",2,10,"Information, Culture And Recreation",1,0
#43100,"Elementary and secondary school teacher assistants","Educational Services",99,5310,"Health Care And Social Assistance",1,30,"Professional, Scientific And Technical Services",0,0,"Accommodation And Food Services",0,0,"Public Administration",0,0
#43109,"Other instructors","Educational Services",91,1800,"Health Care And Social Assistance",3,70,"Professional, Scientific And Technical Services",3,60,"Business, Building And Other Support Services",1,30,"Information, Culture And Recreation",1,30
#43200,"Sheriffs and bailiffs","Public Administration",74,100,"Professional, Scientific And Technical Services",17,20,"Business, Building And Other Support Services",8,10,N/A,N/A,N/A,N/A,N/A,N/A
#43201,"Correctional service officers","Public Administration",93,630,"Business, Building And Other Support Services",4,30,"Health Care And Social Assistance",2,10,"Repair, Personal And Non-Profit Services",1,10,N/A,N/A,N/A
#43202,"By-law enforcement and other regulatory officers","Public Administration",85,410,"Repair, Personal And Non-Profit Services",6,30,"Information, Culture And Recreation",5,20,"Professional, Scientific And Technical Services",2,10,"Finance, Insurance And Real Estate",2,10
#43203,"Border services, customs, and immigration officers","Public Administration",97,250,"Professional, Scientific And Technical Services",3,10,N/A,N/A,N/A,N/A,N/A,N/A,N/A,N/A,N/A
#43204,"Operations members of the Canadian Armed Forces","Public Administration",100,620,N/A,N/A,N/A,N/A,N/A,N/A,N/A,N/A,N/A,N/A,N/A,N/A
#44100,"Home child care providers","Health Care And Social Assistance",130,20,"Finance, Insurance And Real Estate",-3,-0,"Business, Building And Other Support Services",-7.000000000000001,-0,"Information, Culture And Recreation",-8,-0,"Professional, Scientific And Technical Services",-12,-0
#44101,"Home support workers, caregivers and related occupations","Health Care And Social Assistance",91,3200,"Repair, Personal And Non-Profit Services",7.000000000000001,250,"Public Administration",1,30,"Professional, Scientific And Technical Services",1,30,"Business, Building And Other Support Services",1,20
#44200,"Primary combat members of the Canadian Armed Forces","Public Administration",100,30,N/A,N/A,N/A,N/A,N/A,N/A,N/A,N/A,N/A,N/A,N/A,N/A
#45100,"Student monitors, crossing guards and related occupations","Educational Services",100,440,N/A,N/A,N/A,N/A,N/A,N/A,N/A,N/A,N/A,N/A,N/A,N/A
#50010,"Library, archive, museum and art gallery managers","Information, Culture And Recreation",86,320,"Retail Trade",9,30,"Professional, Scientific And Technical Services",2,10,"Educational Services",1,10,"Public Administration",1,0
#50011,"Managers - publishing, motion pictures, broadcasting and performing arts","Information, Culture And Recreation",80,610,"Professional, Scientific And Technical Services",13,100,"Educational Services",4,30,"Repair, Personal And Non-Profit Services",1,10,"Retail Trade",1,10
#50012,"Recreation, sports and fitness program and service directors","Information, Culture And Recreation",83,1070,"Educational Services",6,70,"Health Care And Social Assistance",4,60,"Public Administration",4,50,"Repair, Personal And Non-Profit Services",3,40
#51100,Librarians,"Information, Culture And Recreation",100,300,N/A,N/A,N/A,N/A,N/A,N/A,N/A,N/A,N/A,N/A,N/A,N/A
#51101,"Conservators and curators","Information, Culture And Recreation",82,110,"Professional, Scientific And Technical Services",7.000000000000001,10,"Public Administration",4,10,"Retail Trade",4,0,"Educational Services",3,0
#51102,Archivists,"Information, Culture And Recreation",52,20,"Public Administration",33,10,"Educational Services",15,0,N/A,N/A,N/A,N/A,N/A,N/A
#51110,Editors,"Information, Culture And Recreation",47,320,"Professional, Scientific And Technical Services",28.000000000000004,190,"Business, Building And Other Support Services",12,80,"Educational Services",9,60,"Public Administration",4,30
#51111,"Authors and writers (except technical)","Information, Culture And Recreation",62,900,"Professional, Scientific And Technical Services",28.999999999999996,420,"Educational Services",4,60,"Retail Trade",3,40,"Repair, Personal And Non-Profit Services",2,30
#51112,"Technical writers","Professional, Scientific And Technical Services",71,340,"Educational Services",10,50,"Information, Culture And Recreation",8,40,Manufacturing,5,30,"Finance, Insurance And Real Estate",4,20
#51113,Journalists,"Information, Culture And Recreation",88,290,"Professional, Scientific And Technical Services",6,20,"Retail Trade",3,10,"Educational Services",2,10,"Business, Building And Other Support Services",1,0
#51114,"Translators, terminologists and interpreters","Professional, Scientific And Technical Services",87,480,"Educational Services",6,30,"Health Care And Social Assistance",2,10,"Public Administration",2,10,"Information, Culture And Recreation",2,10
#51120,"Producers, directors, choreographers and related occupations","Information, Culture And Recreation",78,2100,"Professional, Scientific And Technical Services",16,440,"Educational Services",4,100,"Repair, Personal And Non-Profit Services",1,30,"Retail Trade",1,30
#51121,"Conductors, composers and arrangers","Information, Culture And Recreation",72,110,"Repair, Personal And Non-Profit Services",17,30,"Educational Services",9,10,"Retail Trade",2,0,N/A,N/A,N/A
#51122,"Musicians and singers","Educational Services",67,1110,"Information, Culture And Recreation",27,450,"Repair, Personal And Non-Profit Services",2,40,"Retail Trade",2,30,"Professional, Scientific And Technical Services",2,30
#52100,"Library and public archive technicians","Educational Services",49,150,"Information, Culture And Recreation",43,130,"Public Administration",6,20,"Professional, Scientific And Technical Services",3,10,N/A,N/A,N/A
#52110,"Film and video camera operators","Information, Culture And Recreation",73,240,"Professional, Scientific And Technical Services",22,70,"Educational Services",3,10,"Finance, Insurance And Real Estate",1,0,"Retail Trade",1,0
#52111,"Graphic arts technicians","Information, Culture And Recreation",51,580,"Professional, Scientific And Technical Services",45,510,Manufacturing,1,10,"Retail Trade",1,10,"Wholesale Trade",1,10
#52112,"Broadcast technicians","Information, Culture And Recreation",100,40,N/A,N/A,N/A,N/A,N/A,N/A,N/A,N/A,N/A,N/A,N/A,N/A
#52113,"Audio and video recording technicians","Information, Culture And Recreation",69,570,"Professional, Scientific And Technical Services",17,140,"Educational Services",8,60,Construction,3,30,"Repair, Personal And Non-Profit Services",3,30
#52114,"Announcers and other broadcasters","Information, Culture And Recreation",85,90,"Professional, Scientific And Technical Services",6,10,"Educational Services",5,10,"Repair, Personal And Non-Profit Services",4,0,N/A,N/A,N/A
#52119,"Other technical and coordinating occupations in motion pictures, broadcasting and the performing arts","Information, Culture And Recreation",62,1200,"Health Care And Social Assistance",16,300,"Professional, Scientific And Technical Services",14.000000000000002,270,"Educational Services",6,110,"Repair, Personal And Non-Profit Services",3,50
#52120,"Graphic designers and illustrators","Professional, Scientific And Technical Services",60,3190,"Information, Culture And Recreation",31,1640,"Retail Trade",4,220,Manufacturing,4,210,"Wholesale Trade",2,100
#52121,"Interior designers and interior decorators","Professional, Scientific And Technical Services",71,1250,Construction,17,300,"Retail Trade",7.000000000000001,130,Manufacturing,2,40,"Finance, Insurance And Real Estate",2,40
#53100,"Registrars, restorers, interpreters and other occupations related to museum and art galleries","Information, Culture And Recreation",76,150,"Public Administration",10,20,"Educational Services",5,10,"Retail Trade",5,10,Construction,4,10
#53110,Photographers,"Professional, Scientific And Technical Services",88,820,"Information, Culture And Recreation",7.000000000000001,60,"Retail Trade",3,30,"Educational Services",1,10,"Finance, Insurance And Real Estate",1,10
#53111,"Motion pictures, broadcasting, photography and performing arts assistants and operators","Information, Culture And Recreation",90,1180,"Professional, Scientific And Technical Services",6,70,Construction,2,30,"Repair, Personal And Non-Profit Services",1,20,"Educational Services",1,10
#53120,Dancers,"Educational Services",80,270,"Information, Culture And Recreation",20,70,N/A,N/A,N/A,N/A,N/A,N/A,N/A,N/A,N/A
#53121,"Actors, comedians and circus performers","Information, Culture And Recreation",88,850,"Educational Services",6,50,"Professional, Scientific And Technical Services",4,40,Construction,1,10,"Finance, Insurance And Real Estate",1,10
#53122,"Painters, sculptors and other visual artists","Information, Culture And Recreation",74,1060,"Educational Services",13,190,"Professional, Scientific And Technical Services",7.000000000000001,100,"Retail Trade",4,60,Construction,1,20
#53123,"Theatre, fashion, exhibit and other creative designers","Information, Culture And Recreation",31,240,"Professional, Scientific And Technical Services",31,230,"Retail Trade",28.999999999999996,220,Manufacturing,6,50,"Wholesale Trade",2,10
#53124,"Artisans and craftspersons","Information, Culture And Recreation",39,400,"Retail Trade",32,330,Manufacturing,19,200,"Professional, Scientific And Technical Services",5,60,"Educational Services",5,50
#53125,"Patternmakers - textile, leather and fur products",Manufacturing,57.99999999999999,30,"Retail Trade",22,10,"Professional, Scientific And Technical Services",13,10,"Repair, Personal And Non-Profit Services",8,0,N/A,N/A,N/A
#53200,Athletes,"Information, Culture And Recreation",99,220,"Educational Services",1,0,N/A,N/A,N/A,N/A,N/A,N/A,N/A,N/A,N/A
#53201,Coaches,"Information, Culture And Recreation",42,460,"Educational Services",41,450,"Health Care And Social Assistance",8,80,"Professional, Scientific And Technical Services",7.000000000000001,70,"Repair, Personal And Non-Profit Services",2,30
#53202,"Sports officials and referees","Information, Culture And Recreation",53,10,"Finance, Insurance And Real Estate",14.000000000000002,0,"Professional, Scientific And Technical Services",12,0,"Transportation And Warehousing",10,0,"Educational Services",10,0
#54100,"Program leaders and instructors in recreation, sport and fitness","Information, Culture And Recreation",66,3060,"Educational Services",16,760,"Health Care And Social Assistance",11,510,"Repair, Personal And Non-Profit Services",5,220,"Public Administration",1,70
#55109,"Other performers","Information, Culture And Recreation",73,190,"Professional, Scientific And Technical Services",17,50,"Retail Trade",5,10,Construction,3,10,"Repair, Personal And Non-Profit Services",2,0
#60010,"Corporate sales managers","Professional, Scientific And Technical Services",40,1800,"Wholesale Trade",26,1200,"Retail Trade",15,660,Manufacturing,11,510,"Finance, Insurance And Real Estate",8,370
#60020,"Retail and wholesale trade managers","Retail Trade",80,21320,"Wholesale Trade",19,4990,"Professional, Scientific And Technical Services",1,180,"Repair, Personal And Non-Profit Services",1,170,Manufacturing,1,140
#60030,"Restaurant and food service managers","Accommodation And Food Services",93,8400,"Information, Culture And Recreation",5,480,"Retail Trade",1,80,Manufacturing,0,30,"Health Care And Social Assistance",0,20
#60031,"Accommodation service managers","Accommodation And Food Services",90,2150,"Information, Culture And Recreation",4,100,"Health Care And Social Assistance",3,70,"Finance, Insurance And Real Estate",1,30,"Business, Building And Other Support Services",1,30
#60040,"Managers in customer and personal services","Repair, Personal And Non-Profit Services",49,840,"Business, Building And Other Support Services",26,450,"Educational Services",11,190,"Information, Culture And Recreation",10,180,"Retail Trade",3,60
#62010,"Retail sales supervisors","Retail Trade",91,2890,"Wholesale Trade",4,130,"Finance, Insurance And Real Estate",2,60,"Information, Culture And Recreation",2,50,"Professional, Scientific And Technical Services",1,40
#62020,"Food service supervisors","Accommodation And Food Services",88,2560,"Health Care And Social Assistance",6,170,"Retail Trade",3,100,Manufacturing,2,50,"Information, Culture And Recreation",1,40
#62021,"Executive housekeepers","Accommodation And Food Services",89,120,"Health Care And Social Assistance",5,10,"Repair, Personal And Non-Profit Services",4,10,"Business, Building And Other Support Services",2,0,N/A,N/A,N/A
#62022,"Accommodation, travel, tourism and related services supervisors","Accommodation And Food Services",49,130,"Information, Culture And Recreation",28.999999999999996,80,"Transportation And Warehousing",13,40,"Business, Building And Other Support Services",8,20,"Professional, Scientific And Technical Services",2,10
#62023,"Customer and information services supervisors","Finance, Insurance And Real Estate",33,80,"Professional, Scientific And Technical Services",28.000000000000004,70,"Business, Building And Other Support Services",14.000000000000002,40,"Retail Trade",13,30,"Wholesale Trade",12,30
#62024,"Cleaning supervisors","Business, Building And Other Support Services",38,210,"Accommodation And Food Services",31,170,"Health Care And Social Assistance",14.000000000000002,80,"Educational Services",11,60,"Repair, Personal And Non-Profit Services",5,30
#62029,"Other services supervisors","Business, Building And Other Support Services",49,180,"Information, Culture And Recreation",26,100,"Repair, Personal And Non-Profit Services",14.000000000000002,50,"Public Administration",6,20,"Retail Trade",5,20
#62100,"Technical sales specialists - wholesale trade","Wholesale Trade",57.99999999999999,1600,Construction,13,370,Manufacturing,11,290,"Professional, Scientific And Technical Services",9,240,"Retail Trade",9,240
#62101,"Retail and wholesale buyers","Retail Trade",62,990,"Wholesale Trade",23,370,"Professional, Scientific And Technical Services",7.000000000000001,110,Manufacturing,5,90,"Information, Culture And Recreation",4,60
#62200,Chefs,"Accommodation And Food Services",85,3700,"Health Care And Social Assistance",7.000000000000001,310,Manufacturing,3,130,"Information, Culture And Recreation",2,110,"Retail Trade",2,110
#62201,"Funeral directors and embalmers","Repair, Personal And Non-Profit Services",100,140,N/A,N/A,N/A,N/A,N/A,N/A,N/A,N/A,N/A,N/A,N/A,N/A
#62202,"Jewellers, jewellery and watch repairers and related occupations","Retail Trade",65,130,Manufacturing,12,20,"Repair, Personal And Non-Profit Services",11,20,"Professional, Scientific And Technical Services",8,20,"Information, Culture And Recreation",5,10
#63100,"Insurance agents and brokers","Finance, Insurance And Real Estate",98,4790,"Professional, Scientific And Technical Services",1,60,"Retail Trade",0,10,"Business, Building And Other Support Services",0,10,"Wholesale Trade",0,10
#63101,"Real estate agents and salespersons","Finance, Insurance And Real Estate",99,6870,"Professional, Scientific And Technical Services",0,30,"Retail Trade",0,20,"Wholesale Trade",0,20,"Educational Services",0,10
#63102,"Financial sales representatives","Finance, Insurance And Real Estate",95,2730,"Professional, Scientific And Technical Services",2,60,"Retail Trade",1,30,"Wholesale Trade",1,30,"Transportation And Warehousing",0,10
#63200,Cooks,"Accommodation And Food Services",83,5900,"Health Care And Social Assistance",12,840,"Retail Trade",2,180,"Information, Culture And Recreation",2,150,Manufacturing,1,70
#63201,"Butchers - retail and wholesale","Retail Trade",82,190,"Wholesale Trade",16,40,"Accommodation And Food Services",1,0,"Business, Building And Other Support Services",1,0,"Agriculture And Fishing",-0,-0
#63202,Bakers,Manufacturing,47,1170,"Retail Trade",33,820,"Accommodation And Food Services",18,450,"Wholesale Trade",2,40,"Professional, Scientific And Technical Services",1,20
#63210,"Hairstylists and barbers","Repair, Personal And Non-Profit Services",98,4070,"Professional, Scientific And Technical Services",1,40,"Business, Building And Other Support Services",1,30,"Retail Trade",0,20,"Health Care And Social Assistance",0,10
#63211,"Estheticians, electrologists and related occupations","Repair, Personal And Non-Profit Services",89,2210,"Retail Trade",7.000000000000001,170,"Health Care And Social Assistance",3,70,"Professional, Scientific And Technical Services",1,30,"Business, Building And Other Support Services",1,20
#63220,"Shoe repairers and shoemakers","Repair, Personal And Non-Profit Services",56.00000000000001,30,"Retail Trade",28.000000000000004,20,Manufacturing,16,10,N/A,N/A,N/A,N/A,N/A,N/A
#63221,Upholsterers,"Repair, Personal And Non-Profit Services",64,80,Manufacturing,17,20,"Transportation And Warehousing",9,10,"Retail Trade",6,10,Construction,5,10
#64100,"Retail salespersons and visual merchandisers","Retail Trade",84,19070,"Wholesale Trade",6,1430,Manufacturing,4,840,"Information, Culture And Recreation",3,690,"Professional, Scientific And Technical Services",2,560
#64101,"Sales and account representatives - wholesale trade (non-technical)","Wholesale Trade",56.00000000000001,1580,Manufacturing,20,560,"Professional, Scientific And Technical Services",9,260,"Retail Trade",9,250,Construction,7.000000000000001,190
#64200,"Tailors, dressmakers, furriers and milliners","Repair, Personal And Non-Profit Services",38,270,"Retail Trade",26,190,Manufacturing,22,160,"Professional, Scientific And Technical Services",7.000000000000001,50,"Information, Culture And Recreation",5,40
#64201,"Image, social and other personal consultants","Retail Trade",28.999999999999996,30,"Repair, Personal And Non-Profit Services",21,20,"Information, Culture And Recreation",20,20,"Health Care And Social Assistance",18,20,"Professional, Scientific And Technical Services",13,10
#64300,"Maîtres d'hôtel and hosts/hostesses","Accommodation And Food Services",95,430,"Information, Culture And Recreation",2,10,"Professional, Scientific And Technical Services",1,10,"Health Care And Social Assistance",1,0,"Educational Services",0,0
#64301,Bartenders,"Accommodation And Food Services",86,630,"Information, Culture And Recreation",7.000000000000001,50,Manufacturing,4,30,"Repair, Personal And Non-Profit Services",2,10,"Retail Trade",1,10
#64310,"Travel counsellors","Business, Building And Other Support Services",94,1340,"Information, Culture And Recreation",2,30,"Transportation And Warehousing",2,20,"Accommodation And Food Services",1,20,"Retail Trade",1,10
#64311,"Pursers and flight attendants","Transportation And Warehousing",97,610,"Retail Trade",1,10,"Accommodation And Food Services",1,10,"Information, Culture And Recreation",1,0,N/A,N/A,N/A
#64312,"Airline ticket and service agents","Transportation And Warehousing",94,820,"Business, Building And Other Support Services",3,30,"Accommodation And Food Services",2,10,"Wholesale Trade",1,10,"Professional, Scientific And Technical Services",1,0
#64313,"Ground and water transport ticket agents, cargo service representatives and related clerks","Transportation And Warehousing",86,130,"Business, Building And Other Support Services",9,10,"Professional, Scientific And Technical Services",3,0,"Repair, Personal And Non-Profit Services",2,0,N/A,N/A,N/A
#64314,"Hotel front desk clerks","Accommodation And Food Services",100,560,"Educational Services",1,0,"Agriculture And Fishing",-0,-0,N/A,N/A,N/A,N/A,N/A,N/A
#64320,"Tour and travel guides","Business, Building And Other Support Services",55.00000000000001,60,"Information, Culture And Recreation",25,30,"Educational Services",8,10,"Accommodation And Food Services",7.000000000000001,10,"Transportation And Warehousing",6,10
#64321,"Casino workers","Information, Culture And Recreation",100,170,N/A,N/A,N/A,N/A,N/A,N/A,N/A,N/A,N/A,N/A,N/A,N/A
#64322,"Outdoor sport and recreational guides","Information, Culture And Recreation",53,50,"Agriculture And Fishing",23,20,"Accommodation And Food Services",14.000000000000002,10,"Business, Building And Other Support Services",6,10,"Transportation And Warehousing",4,0
#64400,"Customer services representatives - financial institutions","Finance, Insurance And Real Estate",96,2070,"Retail Trade",2,40,"Information, Culture And Recreation",1,20,"Professional, Scientific And Technical Services",0,10,"Accommodation And Food Services",0,10
#64401,"Postal services representatives","Transportation And Warehousing",92,270,"Finance, Insurance And Real Estate",3,10,"Public Administration",3,10,"Business, Building And Other Support Services",1,0,N/A,N/A,N/A
#64409,"Other customer and information services representatives","Retail Trade",31,1450,"Professional, Scientific And Technical Services",23,1070,"Finance, Insurance And Real Estate",17,770,"Health Care And Social Assistance",15,670,"Wholesale Trade",14.000000000000002,650
#64410,"Security guards and related security service occupations","Business, Building And Other Support Services",76,1990,"Retail Trade",7.000000000000001,190,"Information, Culture And Recreation",7.000000000000001,170,"Health Care And Social Assistance",5,140,"Transportation And Warehousing",5,130
#65100,Cashiers,"Retail Trade",78,7510,"Accommodation And Food Services",14.000000000000002,1340,"Finance, Insurance And Real Estate",5,480,"Information, Culture And Recreation",2,210,Manufacturing,1,120
#65101,"Service station attendants","Retail Trade",100,170,N/A,N/A,N/A,N/A,N/A,N/A,N/A,N/A,N/A,N/A,N/A,N/A
#65102,"Store shelf stockers, clerks and order fillers","Retail Trade",93,6490,"Wholesale Trade",4,270,Manufacturing,2,120,"Transportation And Warehousing",1,60,"Health Care And Social Assistance",1,50
#65109,"Other sales related occupations","Retail Trade",72,530,"Professional, Scientific And Technical Services",13,90,"Wholesale Trade",6,50,"Health Care And Social Assistance",4,30,"Repair, Personal And Non-Profit Services",4,30
#65200,"Food and beverage servers","Accommodation And Food Services",93,3950,"Information, Culture And Recreation",6,260,"Health Care And Social Assistance",1,30,"Retail Trade",0,10,Manufacturing,0,10
#65201,"Food counter attendants, kitchen helpers and related support occupations","Accommodation And Food Services",78,9100,"Health Care And Social Assistance",12,1450,"Retail Trade",6,700,Manufacturing,2,230,"Information, Culture And Recreation",2,190
#65202,"Meat cutters and fishmongers - retail and wholesale","Retail Trade",99,360,"Accommodation And Food Services",1,0,N/A,N/A,N/A,N/A,N/A,N/A,N/A,N/A,N/A
#65210,"Support occupations in accommodation, travel and facilities set-up services","Transportation And Warehousing",71,100,"Accommodation And Food Services",17,20,"Finance, Insurance And Real Estate",6,10,"Professional, Scientific And Technical Services",4,0,"Information, Culture And Recreation",3,0
#65211,"Operators and attendants in amusement, recreation and sport","Information, Culture And Recreation",87,1060,"Public Administration",4,50,"Accommodation And Food Services",4,50,"Finance, Insurance And Real Estate",2,30,"Health Care And Social Assistance",2,30
#65220,"Pet groomers and animal care workers","Repair, Personal And Non-Profit Services",80,870,"Retail Trade",8,90,"Professional, Scientific And Technical Services",7.000000000000001,80,"Information, Culture And Recreation",3,40,"Health Care And Social Assistance",1,20
#65229,"Other support occupations in personal services","Repair, Personal And Non-Profit Services",43,120,"Health Care And Social Assistance",42,110,"Professional, Scientific And Technical Services",8,20,"Educational Services",4,10,"Information, Culture And Recreation",3,10
#65310,"Light duty cleaners","Business, Building And Other Support Services",38,3640,"Health Care And Social Assistance",30,2820,"Accommodation And Food Services",20,1880,"Repair, Personal And Non-Profit Services",9,870,Construction,3,280
#65311,"Specialized cleaners","Repair, Personal And Non-Profit Services",31,360,"Business, Building And Other Support Services",30,350,"Retail Trade",28.000000000000004,330,Construction,6,80,"Transportation And Warehousing",4,50
#65312,"Janitors, caretakers and heavy-duty cleaners","Business, Building And Other Support Services",42,1910,"Educational Services",34,1530,"Health Care And Social Assistance",12,560,"Finance, Insurance And Real Estate",7.000000000000001,300,"Public Administration",6,250
#65320,"Dry cleaning, laundry and related occupations","Repair, Personal And Non-Profit Services",49,480,"Health Care And Social Assistance",36,350,"Accommodation And Food Services",11,110,Manufacturing,2,20,"Retail Trade",1,10
#65329,"Other service support occupations","Retail Trade",30,160,"Health Care And Social Assistance",25,130,"Repair, Personal And Non-Profit Services",24,130,"Information, Culture And Recreation",17,90,"Business, Building And Other Support Services",5,20
#70010,"Construction managers",Construction,90,8510,"Professional, Scientific And Technical Services",5,510,"Finance, Insurance And Real Estate",2,190,Utilities,2,140,Manufacturing,1,110
#70011,"Home building and renovation managers",Construction,100,6380,"Business, Building And Other Support Services",0,10,"Professional, Scientific And Technical Services",0,10,"Transportation And Warehousing",0,0,"Agriculture And Fishing",0,0
#70012,"Facility operation and maintenance managers","Finance, Insurance And Real Estate",51,2340,"Information, Culture And Recreation",18,810,"Transportation And Warehousing",14.000000000000002,620,Construction,9,410,"Health Care And Social Assistance",8,370
#70020,"Managers in transportation","Transportation And Warehousing",72,1660,"Wholesale Trade",11,250,"Retail Trade",6,140,"Professional, Scientific And Technical Services",6,130,Manufacturing,5,120
#70021,"Postal and courier services managers","Transportation And Warehousing",100,310,N/A,N/A,N/A,N/A,N/A,N/A,N/A,N/A,N/A,N/A,N/A,N/A
#72010,"Contractors and supervisors, machining, metal forming, shaping and erecting trades and related occupations",Manufacturing,46,410,Construction,42,380,"Repair, Personal And Non-Profit Services",8,70,"Wholesale Trade",2,20,"Transportation And Warehousing",2,10
#72011,"Contractors and supervisors, electrical trades and telecommunications occupations",Construction,91,1790,Utilities,5,100,"Information, Culture And Recreation",1,30,"Mining And Oil And Gas Extraction",1,20,"Wholesale Trade",1,20
#72012,"Contractors and supervisors, pipefitting trades",Construction,96,600,"Professional, Scientific And Technical Services",1,10,"Repair, Personal And Non-Profit Services",1,10,Manufacturing,1,10,"Retail Trade",1,10
#72013,"Contractors and supervisors, carpentry trades",Construction,94,1360,Manufacturing,4,60,"Information, Culture And Recreation",1,10,"Professional, Scientific And Technical Services",0,10,"Educational Services",0,10
#72014,"Contractors and supervisors, other construction trades, installers, repairers and servicers",Construction,91,4280,"Business, Building And Other Support Services",3,130,Manufacturing,3,130,"Retail Trade",2,90,"Finance, Insurance And Real Estate",1,40
#72020,"Contractors and supervisors, mechanic trades",Construction,50,630,"Repair, Personal And Non-Profit Services",16,200,"Transportation And Warehousing",14.000000000000002,170,"Retail Trade",13,170,Manufacturing,7.000000000000001,90
#72021,"Contractors and supervisors, heavy equipment operator crews",Construction,83,2700,"Transportation And Warehousing",9,300,"Public Administration",4,140,"Mining And Oil And Gas Extraction",2,70,"Business, Building And Other Support Services",2,60
#72022,"Supervisors, printing and related occupations",Manufacturing,87,40,"Information, Culture And Recreation",13,10,N/A,N/A,N/A,N/A,N/A,N/A,N/A,N/A,N/A
#72023,"Supervisors, railway transport operations","Transportation And Warehousing",91,60,"Public Administration",9,10,N/A,N/A,N/A,N/A,N/A,N/A,N/A,N/A,N/A
#72024,"Supervisors, motor transport and other ground transit operators","Transportation And Warehousing",79,350,"Wholesale Trade",7.000000000000001,30,Construction,6,20,"Business, Building And Other Support Services",4,20,"Public Administration",4,20
#72025,"Supervisors, mail and message distribution occupations","Transportation And Warehousing",93,400,"Retail Trade",4,20,"Professional, Scientific And Technical Services",2,10,"Repair, Personal And Non-Profit Services",1,0,N/A,N/A,N/A
#72100,"Machinists and machining and tooling inspectors",Manufacturing,82,850,"Professional, Scientific And Technical Services",6,60,"Wholesale Trade",6,60,"Repair, Personal And Non-Profit Services",4,40,Construction,3,30
#72101,"Tool and die makers",Manufacturing,77,90,Construction,7.000000000000001,10,"Retail Trade",6,10,"Professional, Scientific And Technical Services",5,10,"Transportation And Warehousing",4,0
#72102,"Sheet metal workers",Construction,77,790,Manufacturing,20,200,"Wholesale Trade",2,20,"Transportation And Warehousing",1,10,"Professional, Scientific And Technical Services",1,10
#72103,Boilermakers,Manufacturing,57.99999999999999,40,Construction,38,30,"Repair, Personal And Non-Profit Services",4,0,N/A,N/A,N/A,N/A,N/A,N/A
#72104,"Structural metal and platework fabricators and fitters",Manufacturing,80,470,Construction,11,60,"Repair, Personal And Non-Profit Services",4,30,"Professional, Scientific And Technical Services",3,20,"Wholesale Trade",2,10
#72105,Ironworkers,Construction,77,620,Manufacturing,18,150,"Repair, Personal And Non-Profit Services",2,20,"Wholesale Trade",2,10,"Mining And Oil And Gas Extraction",1,10
#72106,"Welders and related machine operators",Manufacturing,43,1150,"Repair, Personal And Non-Profit Services",26,710,Construction,17,470,"Mining And Oil And Gas Extraction",10,260,"Wholesale Trade",4,100
#72200,"Electricians (except industrial and power system)",Construction,94,4190,"Health Care And Social Assistance",2,80,"Educational Services",2,80,"Transportation And Warehousing",1,60,"Professional, Scientific And Technical Services",1,50
#72201,"Industrial electricians",Manufacturing,37,380,"Mining And Oil And Gas Extraction",31,310,Construction,25,260,"Transportation And Warehousing",4,40,"Wholesale Trade",2,20
#72202,"Power system electricians",Utilities,70,150,Construction,26,60,"Information, Culture And Recreation",2,0,Manufacturing,2,0,N/A,N/A,N/A
#72203,"Electrical power line and cable workers",Utilities,66,340,Construction,33,170,Manufacturing,1,10,N/A,N/A,N/A,N/A,N/A,N/A
#72204,"Telecommunications line and cable installers and repairers",Construction,60,190,"Information, Culture And Recreation",27,80,"Professional, Scientific And Technical Services",7.000000000000001,20,Manufacturing,5,20,"Retail Trade",1,0
#72205,"Telecommunications equipment installation and cable television service technicians",Construction,56.99999999999999,310,"Information, Culture And Recreation",26,140,"Professional, Scientific And Technical Services",12,60,"Health Care And Social Assistance",3,20,"Public Administration",3,10
#72300,Plumbers,Construction,96,3470,"Health Care And Social Assistance",2,70,"Educational Services",1,40,Manufacturing,1,20,"Public Administration",1,20
#72301,"Steamfitters, pipefitters and sprinkler system installers",Construction,72,730,Manufacturing,15,150,"Mining And Oil And Gas Extraction",9,90,"Repair, Personal And Non-Profit Services",3,30,Utilities,2,20
#72302,"Gas fitters",Construction,69,270,Utilities,18,70,"Retail Trade",6,20,"Mining And Oil And Gas Extraction",5,20,"Wholesale Trade",1,0
#72310,Carpenters,Construction,95,10550,Manufacturing,2,260,"Information, Culture And Recreation",1,120,"Educational Services",1,110,"Public Administration",1,100
#72311,Cabinetmakers,Manufacturing,56.99999999999999,450,Construction,38,300,"Professional, Scientific And Technical Services",2,20,"Educational Services",1,10,"Retail Trade",1,10
#72320,Bricklayers,Construction,96,570,"Business, Building And Other Support Services",2,10,"Professional, Scientific And Technical Services",1,0,"Educational Services",1,0,"Retail Trade",1,0
#72321,Insulators,Construction,97,440,Manufacturing,1,10,"Wholesale Trade",1,0,"Retail Trade",1,0,"Educational Services",0,0
#72400,"Construction millwrights and industrial mechanics",Manufacturing,48,1080,"Mining And Oil And Gas Extraction",26,590,Construction,12,280,"Repair, Personal And Non-Profit Services",8,170,"Wholesale Trade",7.000000000000001,150
#72401,"Heavy-duty equipment mechanics","Mining And Oil And Gas Extraction",28.999999999999996,580,"Repair, Personal And Non-Profit Services",25,500,"Wholesale Trade",18,350,Construction,17,330,"Transportation And Warehousing",11,210
#72402,"Heating, refrigeration and air conditioning mechanics",Construction,88,1280,"Wholesale Trade",3,50,Manufacturing,3,50,"Repair, Personal And Non-Profit Services",3,40,"Retail Trade",2,30
#72403,"Railway carmen/women","Transportation And Warehousing",100,70,N/A,N/A,N/A,N/A,N/A,N/A,N/A,N/A,N/A,N/A,N/A,N/A
#72404,"Aircraft mechanics and aircraft inspectors","Transportation And Warehousing",84,1150,Manufacturing,10,140,"Public Administration",3,40,"Repair, Personal And Non-Profit Services",1,20,"Wholesale Trade",1,20
#72405,"Machine fitters",Manufacturing,74,20,"Public Administration",26,10,N/A,N/A,N/A,N/A,N/A,N/A,N/A,N/A,N/A
#72406,"Elevator constructors and mechanics",Construction,100,560,N/A,N/A,N/A,N/A,N/A,N/A,N/A,N/A,N/A,N/A,N/A,N/A
#72410,"Automotive service technicians, truck and bus mechanics and mechanical repairers","Repair, Personal And Non-Profit Services",56.00000000000001,2370,"Retail Trade",27,1130,"Transportation And Warehousing",11,450,"Wholesale Trade",4,170,Construction,3,120
#72411,"Auto body collision, refinishing and glass technicians and damage repair estimators","Repair, Personal And Non-Profit Services",88,950,"Retail Trade",5,60,"Transportation And Warehousing",3,30,Manufacturing,3,30,"Health Care And Social Assistance",1,20
#72420,"Oil and solid fuel heating mechanics",Construction,60,20,"Mining And Oil And Gas Extraction",40,10,N/A,N/A,N/A,N/A,N/A,N/A,N/A,N/A,N/A
#72421,"Appliance servicers and repairers","Repair, Personal And Non-Profit Services",62,180,"Retail Trade",19,60,Construction,12,40,Manufacturing,4,10,"Wholesale Trade",2,10
#72422,"Electrical mechanics",Utilities,41,40,"Repair, Personal And Non-Profit Services",26,30,Construction,16,20,"Wholesale Trade",10,10,Manufacturing,8,10
#72423,"Motorcycle, all-terrain vehicle and other related mechanics","Retail Trade",45,170,"Repair, Personal And Non-Profit Services",21,80,"Transportation And Warehousing",14.000000000000002,50,"Wholesale Trade",11,40,Manufacturing,9,30
#72429,"Other small engine and small equipment repairers","Repair, Personal And Non-Profit Services",59,30,"Wholesale Trade",14.000000000000002,10,"Retail Trade",14.000000000000002,10,Manufacturing,8,0,"Business, Building And Other Support Services",5,0
#72500,"Crane operators",Construction,66,540,"Transportation And Warehousing",16,130,Manufacturing,8,70,"Retail Trade",5,40,"Wholesale Trade",4,40
#72501,"Water well drillers",Construction,100,0,N/A,N/A,N/A,N/A,N/A,N/A,N/A,N/A,N/A,N/A,N/A,N/A
#72600,"Air pilots, flight engineers and flying instructors","Transportation And Warehousing",91,1290,"Educational Services",5,70,Manufacturing,2,20,"Professional, Scientific And Technical Services",2,20,"Public Administration",1,20
#72601,"Air traffic controllers and related occupations","Transportation And Warehousing",94,390,"Public Administration",4,20,"Educational Services",2,10,N/A,N/A,N/A,N/A,N/A,N/A
#72602,"Deck officers, water transport","Transportation And Warehousing",85,730,"Public Administration",12,100,"Professional, Scientific And Technical Services",2,20,Construction,1,10,"Retail Trade",0,0
#72603,"Engineer officers, water transport","Transportation And Warehousing",79,50,"Public Administration",10,10,"Professional, Scientific And Technical Services",10,10,"Agriculture And Fishing",1,0,N/A,N/A,N/A
#72604,"Railway traffic controllers and marine traffic regulators","Transportation And Warehousing",88,50,"Public Administration",12,10,N/A,N/A,N/A,N/A,N/A,N/A,N/A,N/A,N/A
#72999,"Other technical trades and related occupations","Business, Building And Other Support Services",43,150,Manufacturing,24,90,Construction,15,50,"Educational Services",9,30,"Professional, Scientific And Technical Services",9,30
#73100,"Concrete finishers",Construction,97,510,Manufacturing,2,10,"Public Administration",1,10,"Business, Building And Other Support Services",0,0,N/A,N/A,N/A
#73101,Tilesetters,Construction,99,830,Manufacturing,0,0,"Agriculture And Fishing",0,0,N/A,N/A,N/A,N/A,N/A,N/A
#73102,"Plasterers, drywall installers and finishers and lathers",Construction,98,1500,"Information, Culture And Recreation",1,10,"Business, Building And Other Support Services",0,10,"Professional, Scientific And Technical Services",0,10,"Accommodation And Food Services",0,0
#73110,"Roofers and shinglers",Construction,69,600,"Business, Building And Other Support Services",13,110,"Retail Trade",7.000000000000001,60,"Transportation And Warehousing",6,50,"Accommodation And Food Services",5,50
#73111,Glaziers,Construction,81,520,Manufacturing,10,60,"Repair, Personal And Non-Profit Services",5,30,"Retail Trade",4,30,"Wholesale Trade",1,0
#73112,"Painters and decorators (except interior decorators)",Construction,97,2950,"Educational Services",1,40,Manufacturing,1,20,"Business, Building And Other Support Services",1,20,"Finance, Insurance And Real Estate",1,20
#73113,"Floor covering installers",Construction,94,750,"Retail Trade",6,50,"Business, Building And Other Support Services",0,0,N/A,N/A,N/A,N/A,N/A,N/A
#73200,"Residential and commercial installers and servicers",Construction,79,1900,Manufacturing,9,220,"Retail Trade",5,120,"Business, Building And Other Support Services",4,100,"Wholesale Trade",3,60
#73201,"General building maintenance workers and building superintendents","Business, Building And Other Support Services",23,720,Construction,22,660,"Health Care And Social Assistance",21,650,"Finance, Insurance And Real Estate",20,600,"Accommodation And Food Services",14.000000000000002,440
#73202,"Pest controllers and fumigators","Business, Building And Other Support Services",100,160,N/A,N/A,N/A,N/A,N/A,N/A,N/A,N/A,N/A,N/A,N/A,N/A
#73209,"Other repairers and servicers","Retail Trade",65,280,"Repair, Personal And Non-Profit Services",19,80,"Wholesale Trade",9,40,"Information, Culture And Recreation",4,20,"Public Administration",3,10
#73300,"Transport truck drivers","Transportation And Warehousing",67,7930,Construction,13,1580,"Mining And Oil And Gas Extraction",8,980,"Wholesale Trade",6,750,Manufacturing,5,560
#73301,"Bus drivers, subway operators and other transit operators","Transportation And Warehousing",85,2840,"Educational Services",10,330,"Retail Trade",3,90,"Health Care And Social Assistance",1,40,"Business, Building And Other Support Services",1,40
#73310,"Railway and yard locomotive engineers","Transportation And Warehousing",90,560,"Professional, Scientific And Technical Services",6,40,Manufacturing,2,10,"Wholesale Trade",1,10,Construction,1,10
#73311,"Railway conductors and brakemen/women","Transportation And Warehousing",100,430,N/A,N/A,N/A,N/A,N/A,N/A,N/A,N/A,N/A,N/A,N/A,N/A
#73400,"Heavy equipment operators",Construction,54,2680,"Mining And Oil And Gas Extraction",35,1710,"Transportation And Warehousing",6,280,Manufacturing,3,140,"Business, Building And Other Support Services",2,120
#73401,"Printing press operators",Manufacturing,89,350,"Information, Culture And Recreation",5,20,Construction,2,10,"Retail Trade",2,10,"Professional, Scientific And Technical Services",2,10
#73402,"Drillers and blasters - surface mining, quarrying and construction",Construction,53,110,"Mining And Oil And Gas Extraction",47,100,"Forestry, Logging And Support Activities",1,0,N/A,N/A,N/A,N/A,N/A,N/A
#74100,"Mail and parcel sorters and related occupations","Transportation And Warehousing",96,930,"Retail Trade",2,20,"Finance, Insurance And Real Estate",1,10,"Public Administration",1,10,"Educational Services",0,0
#74101,"Letter carriers","Transportation And Warehousing",99,1720,"Professional, Scientific And Technical Services",0,10,Utilities,0,0,N/A,N/A,N/A,N/A,N/A,N/A
#74102,"Couriers and messengers","Transportation And Warehousing",88,1300,"Health Care And Social Assistance",5,70,"Retail Trade",4,60,"Professional, Scientific And Technical Services",2,30,Construction,1,10
#74200,"Railway yard and track maintenance workers","Transportation And Warehousing",95,240,Construction,5,10,N/A,N/A,N/A,N/A,N/A,N/A,N/A,N/A,N/A
#74201,"Water transport deck and engine room crew","Transportation And Warehousing",76,300,"Public Administration",16,60,Manufacturing,6,20,"Professional, Scientific And Technical Services",1,10,Construction,1,0
#74202,"Air transport ramp attendants","Transportation And Warehousing",97,560,Construction,1,10,"Business, Building And Other Support Services",1,10,"Retail Trade",1,0,N/A,N/A,N/A
#74203,"Automotive and heavy truck and equipment parts installers and servicers","Retail Trade",56.99999999999999,180,"Repair, Personal And Non-Profit Services",26,90,"Mining And Oil And Gas Extraction",10,30,"Information, Culture And Recreation",5,10,Construction,2,10
#74204,"Utility maintenance workers",Utilities,44,80,"Public Administration",21,40,Construction,18,30,"Professional, Scientific And Technical Services",12,20,"Educational Services",5,10
#74205,"Public works maintenance equipment operators and related workers","Business, Building And Other Support Services",54,220,"Public Administration",20,80,"Transportation And Warehousing",10,40,Construction,9,40,"Wholesale Trade",7.000000000000001,30
#75100,"Longshore workers","Transportation And Warehousing",98,1140,"Professional, Scientific And Technical Services",1,10,"Repair, Personal And Non-Profit Services",1,10,"Information, Culture And Recreation",0,0,N/A,N/A,N/A
#75101,"Material handlers","Professional, Scientific And Technical Services",23,1830,"Retail Trade",22,1810,"Transportation And Warehousing",20,1590,Manufacturing,18,1470,"Wholesale Trade",18,1430
#75110,"Construction trades helpers and labourers",Construction,92,10380,"Transportation And Warehousing",3,360,Manufacturing,2,220,"Business, Building And Other Support Services",2,210,"Mining And Oil And Gas Extraction",1,150
#75119,"Other trades helpers and labourers",Construction,67,190,"Repair, Personal And Non-Profit Services",12,40,"Retail Trade",9,30,"Professional, Scientific And Technical Services",6,20,"Mining And Oil And Gas Extraction",5,20
#75200,"Taxi and limousine drivers and chauffeurs","Transportation And Warehousing",90,2090,"Health Care And Social Assistance",4,100,"Information, Culture And Recreation",2,50,"Retail Trade",2,50,"Repair, Personal And Non-Profit Services",2,40
#75201,"Delivery service drivers and door-to-door distributors","Transportation And Warehousing",48,1740,"Retail Trade",20,710,"Accommodation And Food Services",15,530,"Wholesale Trade",12,420,Manufacturing,6,200
#75210,"Boat and cable ferry operators and related occupations","Transportation And Warehousing",87,370,Manufacturing,4,20,"Information, Culture And Recreation",4,20,"Public Administration",4,20,"Health Care And Social Assistance",2,10
#75211,"Railway and motor transport labourers","Transportation And Warehousing",55.00000000000001,70,"Professional, Scientific And Technical Services",15,20,Construction,13,20,"Public Administration",12,20,Manufacturing,5,10
#75212,"Public works and maintenance labourers","Public Administration",56.00000000000001,510,"Business, Building And Other Support Services",23,210,Construction,11,100,Utilities,5,50,Manufacturing,5,40
#80010,"Managers in natural resources production and fishing","Mining And Oil And Gas Extraction",69,680,"Forestry, Logging And Support Activities",17,170,Manufacturing,6,60,"Professional, Scientific And Technical Services",5,50,"Wholesale Trade",3,30
#80020,"Managers in agriculture","Agriculture And Fishing",83,990,"Repair, Personal And Non-Profit Services",5,60,Manufacturing,4,50,"Professional, Scientific And Technical Services",4,50,"Retail Trade",3,40
#80021,"Managers in horticulture","Agriculture And Fishing",81,90,"Retail Trade",13,10,Construction,3,0,"Business, Building And Other Support Services",3,0,N/A,N/A,N/A
#80022,"Managers in aquaculture","Agriculture And Fishing",100,80,N/A,N/A,N/A,N/A,N/A,N/A,N/A,N/A,N/A,N/A,N/A,N/A
#82010,"Supervisors, logging and forestry","Forestry, Logging And Support Activities",54,300,Construction,18,100,"Mining And Oil And Gas Extraction",14.000000000000002,80,Manufacturing,8,50,"Transportation And Warehousing",5,30
#82020,"Supervisors, mining and quarrying","Mining And Oil And Gas Extraction",90,830,Construction,8,80,"Professional, Scientific And Technical Services",2,10,"Business, Building And Other Support Services",0,0,N/A,N/A,N/A
#82021,"Contractors and supervisors, oil and gas drilling and services","Mining And Oil And Gas Extraction",91,380,"Professional, Scientific And Technical Services",6,20,Construction,2,10,Manufacturing,1,0,N/A,N/A,N/A
#82030,"Agricultural service contractors and farm supervisors","Agriculture And Fishing",80,10,"Business, Building And Other Support Services",20,0,N/A,N/A,N/A,N/A,N/A,N/A,N/A,N/A,N/A
#82031,"Contractors and supervisors, landscaping, grounds maintenance and horticulture services","Business, Building And Other Support Services",84,1060,"Public Administration",6,70,"Information, Culture And Recreation",5,60,Construction,4,50,"Agriculture And Fishing",2,20
#83100,"Underground production and development miners","Mining And Oil And Gas Extraction",98,780,"Professional, Scientific And Technical Services",1,10,Manufacturing,1,10,N/A,N/A,N/A,N/A,N/A,N/A
#83101,"Oil and gas well drillers, servicers, testers and related workers","Mining And Oil And Gas Extraction",80,210,"Professional, Scientific And Technical Services",12,30,Manufacturing,4,10,"Transportation And Warehousing",2,10,"Health Care And Social Assistance",2,10
#83110,"Logging machinery operators","Forestry, Logging And Support Activities",88,350,Manufacturing,8,30,"Transportation And Warehousing",2,10,Construction,1,10,"Agriculture And Fishing",1,0
#83120,"Fishing masters and officers","Agriculture And Fishing",100,30,N/A,N/A,N/A,N/A,N/A,N/A,N/A,N/A,N/A,N/A,N/A,N/A
#83121,Fishermen/women,"Agriculture And Fishing",91,70,"Wholesale Trade",9,10,N/A,N/A,N/A,N/A,N/A,N/A,N/A,N/A,N/A
#84100,"Underground mine service and support workers","Mining And Oil And Gas Extraction",100,200,N/A,N/A,N/A,N/A,N/A,N/A,N/A,N/A,N/A,N/A,N/A,N/A
#84101,"Oil and gas well drilling and related workers and services operators","Mining And Oil And Gas Extraction",90,90,"Transportation And Warehousing",5,10,"Professional, Scientific And Technical Services",3,0,Utilities,2,0,Construction,0,0
#84110,"Chain saw and skidder operators","Forestry, Logging And Support Activities",73,220,"Business, Building And Other Support Services",9,30,Manufacturing,8,20,"Retail Trade",5,10,Construction,5,10
#84111,"Silviculture and forestry workers","Forestry, Logging And Support Activities",37,60,"Public Administration",33,50,"Business, Building And Other Support Services",19,30,Manufacturing,7.000000000000001,10,"Health Care And Social Assistance",4,10
#84120,"Specialized livestock workers and farm machinery operators","Information, Culture And Recreation",46,60,"Agriculture And Fishing",21,30,"Professional, Scientific And Technical Services",17,20,"Educational Services",10,10,"Retail Trade",8,10
#84121,"Fishing vessel deckhands","Agriculture And Fishing",100,30,N/A,N/A,N/A,N/A,N/A,N/A,N/A,N/A,N/A,N/A,N/A,N/A
#85100,"Livestock labourers",Manufacturing,41,60,"Information, Culture And Recreation",35,50,"Agriculture And Fishing",9,10,"Repair, Personal And Non-Profit Services",8,10,"Transportation And Warehousing",8,10
#85101,"Harvesting labourers","Agriculture And Fishing",54,40,"Business, Building And Other Support Services",46,30,N/A,N/A,N/A,N/A,N/A,N/A,N/A,N/A,N/A
#85102,"Aquaculture and marine harvest labourers","Agriculture And Fishing",74,30,"Public Administration",14.000000000000002,10,Manufacturing,13,10,N/A,N/A,N/A,N/A,N/A,N/A
#85103,"Nursery and greenhouse labourers","Retail Trade",43,90,"Agriculture And Fishing",25,50,"Wholesale Trade",14.000000000000002,30,"Business, Building And Other Support Services",10,20,Manufacturing,9,20
#85110,"Mine labourers","Mining And Oil And Gas Extraction",98,240,"Professional, Scientific And Technical Services",2,0,N/A,N/A,N/A,N/A,N/A,N/A,N/A,N/A,N/A
#85111,"Oil and gas drilling, servicing and related labourers","Mining And Oil And Gas Extraction",83,110,"Repair, Personal And Non-Profit Services",7.000000000000001,10,"Finance, Insurance And Real Estate",5,10,"Transportation And Warehousing",3,0,Construction,2,0
#85120,"Logging and forestry labourers","Forestry, Logging And Support Activities",82,60,Manufacturing,12,10,"Wholesale Trade",2,0,"Transportation And Warehousing",2,0,"Public Administration",1,0
#85121,"Landscaping and grounds maintenance labourers","Business, Building And Other Support Services",59,2400,"Information, Culture And Recreation",24,970,"Public Administration",10,410,Construction,4,160,"Finance, Insurance And Real Estate",3,120
#90010,"Manufacturing managers",Manufacturing,97,4730,"Wholesale Trade",1,60,Construction,1,30,"Professional, Scientific And Technical Services",1,30,"Business, Building And Other Support Services",0,10
#90011,"Utilities managers",Utilities,57.99999999999999,440,"Business, Building And Other Support Services",19,140,"Public Administration",9,70,"Wholesale Trade",8,60,Construction,6,40
#92010,"Supervisors, mineral and metal processing",Manufacturing,81,160,"Mining And Oil And Gas Extraction",12,20,"Wholesale Trade",4,10,Construction,3,10,N/A,N/A,N/A
#92011,"Supervisors, petroleum, gas and chemical processing and utilities",Utilities,47,210,Manufacturing,22,100,"Mining And Oil And Gas Extraction",14.000000000000002,60,"Wholesale Trade",10,40,"Public Administration",7.000000000000001,30
#92012,"Supervisors, food and beverage processing",Manufacturing,82,490,"Wholesale Trade",11,70,"Retail Trade",3,20,"Accommodation And Food Services",2,10,"Transportation And Warehousing",1,10
#92013,"Supervisors, plastic and rubber products manufacturing",Manufacturing,94,90,"Retail Trade",6,10,N/A,N/A,N/A,N/A,N/A,N/A,N/A,N/A,N/A
#92014,"Supervisors, forest products processing",Manufacturing,80,380,"Forestry, Logging And Support Activities",6,30,Construction,5,20,"Retail Trade",4,20,"Wholesale Trade",4,20
#92015,"Supervisors, textile, fabric, fur and leather products processing and manufacturing",Manufacturing,77,40,"Wholesale Trade",12,10,"Retail Trade",11,10,N/A,N/A,N/A,N/A,N/A,N/A
#92020,"Supervisors, motor vehicle assembling",Manufacturing,100,30,N/A,N/A,N/A,N/A,N/A,N/A,N/A,N/A,N/A,N/A,N/A,N/A
#92021,"Supervisors, electronics and electrical products manufacturing",Manufacturing,74,80,"Professional, Scientific And Technical Services",12,10,"Wholesale Trade",5,10,"Retail Trade",5,10,"Repair, Personal And Non-Profit Services",4,0
#92022,"Supervisors, furniture and fixtures manufacturing",Manufacturing,100,30,N/A,N/A,N/A,N/A,N/A,N/A,N/A,N/A,N/A,N/A,N/A,N/A
#92023,"Supervisors, other mechanical and metal products manufacturing",Manufacturing,85,60,Construction,9,10,"Transportation And Warehousing",7.000000000000001,0,N/A,N/A,N/A,N/A,N/A,N/A
#92024,"Supervisors, other products manufacturing and assembly",Manufacturing,65,50,"Retail Trade",16,10,"Professional, Scientific And Technical Services",9,10,"Wholesale Trade",6,0,"Information, Culture And Recreation",4,0
#92100,"Power engineers and power systems operators",Manufacturing,36,610,"Mining And Oil And Gas Extraction",17,300,Utilities,17,300,"Health Care And Social Assistance",16,270,"Public Administration",13,220
#92101,"Water and waste treatment plant operators",Utilities,71,550,"Public Administration",16,120,"Business, Building And Other Support Services",6,40,"Professional, Scientific And Technical Services",4,30,Manufacturing,4,30
#93100,"Central control and process operators, mineral and metal processing",Manufacturing,61,210,"Mining And Oil And Gas Extraction",31,100,Construction,5,20,"Professional, Scientific And Technical Services",2,10,"Information, Culture And Recreation",0,0
#93101,"Central control and process operators, petroleum, gas and chemical processing","Mining And Oil And Gas Extraction",60,520,Manufacturing,15,130,Utilities,15,130,"Public Administration",6,50,"Health Care And Social Assistance",5,40
#93102,"Pulping, papermaking and coating control operators",Manufacturing,100,60,N/A,N/A,N/A,N/A,N/A,N/A,N/A,N/A,N/A,N/A,N/A,N/A
#93200,"Aircraft assemblers and aircraft assembly inspectors",Manufacturing,100,20,N/A,N/A,N/A,N/A,N/A,N/A,N/A,N/A,N/A,N/A,N/A,N/A
#94100,"Machine operators, mineral and metal processing",Manufacturing,43,110,"Mining And Oil And Gas Extraction",42,110,"Professional, Scientific And Technical Services",6,20,Construction,5,10,"Wholesale Trade",4,10
#94101,"Foundry workers",Manufacturing,100,40,N/A,N/A,N/A,N/A,N/A,N/A,N/A,N/A,N/A,N/A,N/A,N/A
#94102,"Glass forming and finishing machine operators and glass cutters",Manufacturing,89,70,Construction,7.000000000000001,10,"Retail Trade",5,0,N/A,N/A,N/A,N/A,N/A,N/A
#94103,"Concrete, clay and stone forming operators",Manufacturing,45,60,Construction,44,60,"Mining And Oil And Gas Extraction",5,10,"Wholesale Trade",4,10,"Retail Trade",2,0
#94104,"Inspectors and testers, mineral and metal processing",Manufacturing,76,40,Construction,13,10,"Professional, Scientific And Technical Services",11,10,N/A,N/A,N/A,N/A,N/A,N/A
#94105,"Metalworking and forging machine operators",Manufacturing,74,220,"Wholesale Trade",13,40,Construction,10,30,"Retail Trade",1,0,"Business, Building And Other Support Services",1,0
#94106,"Machining tool operators",Manufacturing,90,100,Construction,10,10,N/A,N/A,N/A,N/A,N/A,N/A,N/A,N/A,N/A
#94107,"Machine operators of other metal products",Manufacturing,82,30,"Wholesale Trade",18,10,N/A,N/A,N/A,N/A,N/A,N/A,N/A,N/A,N/A
#94110,"Chemical plant machine operators",Manufacturing,50,60,"Retail Trade",16,20,"Mining And Oil And Gas Extraction",15,20,"Wholesale Trade",11,10,"Professional, Scientific And Technical Services",8,10
#94111,"Plastics processing machine operators",Manufacturing,88,210,"Wholesale Trade",10,20,"Retail Trade",2,0,N/A,N/A,N/A,N/A,N/A,N/A
#94112,"Rubber processing machine operators and related workers",Manufacturing,59,20,"Wholesale Trade",23,10,"Retail Trade",19,10,N/A,N/A,N/A,N/A,N/A,N/A
#94120,"Sawmill machine operators",Manufacturing,82,420,"Wholesale Trade",7.000000000000001,40,"Forestry, Logging And Support Activities",5,30,"Transportation And Warehousing",3,10,Construction,3,10
#94121,"Pulp mill, papermaking and finishing machine operators",Manufacturing,96,270,"Wholesale Trade",3,10,"Forestry, Logging And Support Activities",1,0,N/A,N/A,N/A,N/A,N/A,N/A
#94122,"Paper converting machine operators",Manufacturing,100,40,N/A,N/A,N/A,N/A,N/A,N/A,N/A,N/A,N/A,N/A,N/A,N/A
#94123,"Lumber graders and other wood processing inspectors and graders",Manufacturing,80,190,"Forestry, Logging And Support Activities",8,20,"Wholesale Trade",7.000000000000001,20,"Business, Building And Other Support Services",4,10,N/A,N/A,N/A
#94124,"Woodworking machine operators",Manufacturing,80,150,Construction,11,20,"Professional, Scientific And Technical Services",5,10,"Business, Building And Other Support Services",2,0,"Information, Culture And Recreation",2,0
#94129,"Other wood processing machine operators",Manufacturing,88,150,"Wholesale Trade",11,20,"Forestry, Logging And Support Activities",1,0,N/A,N/A,N/A,N/A,N/A,N/A
#94130,"Textile fibre and yarn, hide and pelt processing machine operators and workers",Manufacturing,55.00000000000001,20,"Retail Trade",14.000000000000002,10,"Professional, Scientific And Technical Services",13,10,"Information, Culture And Recreation",12,10,"Repair, Personal And Non-Profit Services",7.000000000000001,0
#94131,"Weavers, knitters and other fabric making occupations",Manufacturing,62,20,"Retail Trade",20,10,"Professional, Scientific And Technical Services",18,10,N/A,N/A,N/A,N/A,N/A,N/A
#94132,"Industrial sewing machine operators",Manufacturing,66,370,"Retail Trade",20,110,"Wholesale Trade",6,30,"Professional, Scientific And Technical Services",4,20,"Repair, Personal And Non-Profit Services",4,20
#94133,"Inspectors and graders, textile, fabric, fur and leather products manufacturing",Manufacturing,54,30,"Retail Trade",32,20,"Wholesale Trade",12,10,"Transportation And Warehousing",3,0,N/A,N/A,N/A
#94140,"Process control and machine operators, food and beverage processing",Manufacturing,82,1480,"Wholesale Trade",7.000000000000001,130,"Accommodation And Food Services",5,80,Construction,4,60,"Retail Trade",2,40
#94141,"Industrial butchers and meat cutters, poultry preparers and related workers",Manufacturing,86,490,"Retail Trade",12,70,"Accommodation And Food Services",2,10,"Agriculture And Fishing",0,0,N/A,N/A,N/A
#94142,"Fish and seafood plant workers",Manufacturing,82,300,"Wholesale Trade",12,40,"Agriculture And Fishing",5,20,"Business, Building And Other Support Services",1,0,N/A,N/A,N/A
#94143,"Testers and graders, food and beverage processing",Manufacturing,74,170,"Wholesale Trade",18,40,"Retail Trade",4,10,"Accommodation And Food Services",3,10,"Professional, Scientific And Technical Services",2,0
#94150,"Plateless printing equipment operators",Manufacturing,67,130,"Retail Trade",18,30,"Wholesale Trade",7.000000000000001,10,"Professional, Scientific And Technical Services",6,10,"Finance, Insurance And Real Estate",3,10
#94151,"Camera, platemaking and other prepress occupations",Manufacturing,90,50,"Professional, Scientific And Technical Services",10,10,N/A,N/A,N/A,N/A,N/A,N/A,N/A,N/A,N/A
#94152,"Binding and finishing machine operators",Manufacturing,91,70,"Retail Trade",9,10,N/A,N/A,N/A,N/A,N/A,N/A,N/A,N/A,N/A
#94153,"Photographic and film processors","Retail Trade",57.99999999999999,70,"Professional, Scientific And Technical Services",16,20,"Repair, Personal And Non-Profit Services",12,10,"Information, Culture And Recreation",8,10,Manufacturing,7.000000000000001,10
#94200,"Motor vehicle assemblers, inspectors and testers",Manufacturing,62,180,"Repair, Personal And Non-Profit Services",15,50,"Retail Trade",12,40,"Wholesale Trade",6,20,Construction,4,10
#94201,"Electronics assemblers, fabricators, inspectors and testers",Manufacturing,62,290,"Professional, Scientific And Technical Services",22,100,Construction,6,30,"Wholesale Trade",6,30,"Retail Trade",4,20
#94202,"Assemblers and inspectors, electrical appliance, apparatus and equipment manufacturing",Manufacturing,65,100,Construction,25,40,"Professional, Scientific And Technical Services",5,10,"Wholesale Trade",5,10,N/A,N/A,N/A
#94203,"Assemblers, fabricators and inspectors, industrial electrical motors and transformers",Manufacturing,46,10,Construction,40,10,"Wholesale Trade",14.000000000000002,0,N/A,N/A,N/A,N/A,N/A,N/A
#94204,"Mechanical assemblers and inspectors",Manufacturing,80,230,"Wholesale Trade",7.000000000000001,20,"Repair, Personal And Non-Profit Services",5,10,Construction,5,10,"Retail Trade",4,10
#94205,"Machine operators and inspectors, electrical apparatus manufacturing",Manufacturing,82,40,"Retail Trade",18,10,N/A,N/A,N/A,N/A,N/A,N/A,N/A,N/A,N/A
#94210,"Furniture and fixture assemblers, finishers, refinishers and inspectors",Manufacturing,61,270,Construction,17,80,"Retail Trade",11,50,"Repair, Personal And Non-Profit Services",7.000000000000001,30,"Wholesale Trade",3,10
#94211,"Assemblers and inspectors of other wood products",Manufacturing,72,220,Construction,12,40,"Retail Trade",8,30,"Wholesale Trade",5,10,"Transportation And Warehousing",3,10
#94212,"Plastic products assemblers, finishers and inspectors",Manufacturing,77,70,"Wholesale Trade",10,10,"Retail Trade",8,10,"Repair, Personal And Non-Profit Services",4,0,N/A,N/A,N/A
#94213,"Industrial painters, coaters and metal finishing process operators",Manufacturing,67,380,Construction,20,110,"Transportation And Warehousing",7.000000000000001,40,"Wholesale Trade",4,20,"Retail Trade",2,10
#94219,"Other products assemblers, finishers and inspectors",Manufacturing,75,540,Construction,9,60,"Retail Trade",8,60,"Information, Culture And Recreation",4,30,"Wholesale Trade",4,30
#95100,"Labourers in mineral and metal processing",Manufacturing,68,190,"Wholesale Trade",23,60,Construction,4,10,"Mining And Oil And Gas Extraction",3,10,"Health Care And Social Assistance",2,10
#95101,"Labourers in metal fabrication",Manufacturing,87,340,Construction,4,20,"Wholesale Trade",4,20,"Repair, Personal And Non-Profit Services",3,10,"Public Administration",2,10
#95102,"Labourers in chemical products processing and utilities",Manufacturing,38,90,"Retail Trade",21,50,"Business, Building And Other Support Services",17,40,"Wholesale Trade",13,30,"Professional, Scientific And Technical Services",11,30
#95103,"Labourers in wood, pulp and paper processing",Manufacturing,84,800,"Wholesale Trade",5,40,"Forestry, Logging And Support Activities",4,40,Construction,4,30,"Retail Trade",3,30
#95104,"Labourers in rubber and plastic products manufacturing",Manufacturing,86,110,"Repair, Personal And Non-Profit Services",5,10,Construction,4,10,"Wholesale Trade",3,0,"Transportation And Warehousing",3,0
#95105,"Labourers in textile processing and cutting",Manufacturing,53,100,"Retail Trade",22,40,"Professional, Scientific And Technical Services",11,20,"Wholesale Trade",8,20,"Repair, Personal And Non-Profit Services",5,10
#95106,"Labourers in food and beverage processing",Manufacturing,76,3340,"Wholesale Trade",14.000000000000002,610,"Retail Trade",7.000000000000001,320,"Business, Building And Other Support Services",1,50,"Professional, Scientific And Technical Services",1,50
#95107,"Labourers in fish and seafood processing",Manufacturing,72,170,"Wholesale Trade",15,40,"Agriculture And Fishing",7.000000000000001,20,"Business, Building And Other Support Services",3,10,"Transportation And Warehousing",3,10
#95109,"Other labourers in processing, manufacturing and utilities",Manufacturing,51,950,"Wholesale Trade",22,400,"Retail Trade",11,200,"Business, Building And Other Support Services",10,180,Construction,7.000000000000001,130
